278.txt,DEU
666.txt,ZHO
733.txt,TEL
1612.txt,SPA
2024.txt,DEU
3323.txt,ZHO
3668.txt,FRA
4519.txt,SPA
4837.txt,JPN
5308.txt,KOR
5497.txt,ITA
6324.txt,TEL
6767.txt,KOR
7406.txt,TEL
7748.txt,TUR
7965.txt,JPN
7998.txt,TUR
8677.txt,JPN
8817.txt,FRA
8966.txt,ZHO
9006.txt,JPN
9443.txt,HIN
9928.txt,JPN
10017.txt,JPN
10215.txt,TEL
10641.txt,ARA
10670.txt,ZHO
11347.txt,HIN
11632.txt,DEU
11923.txt,TUR
12015.txt,DEU
12072.txt,FRA
12779.txt,TUR
13148.txt,DEU
13940.txt,KOR
14157.txt,FRA
14163.txt,TEL
14288.txt,ITA
14382.txt,ARA
16038.txt,SPA
17339.txt,DEU
17845.txt,TUR
18443.txt,ARA
18553.txt,KOR
18589.txt,TUR
18618.txt,DEU
18772.txt,ZHO
18970.txt,FRA
19280.txt,DEU
20063.txt,ARA
21007.txt,TEL
21310.txt,DEU
21595.txt,SPA
21598.txt,ARA
22056.txt,SPA
22597.txt,DEU
23292.txt,ARA
23897.txt,DEU
23976.txt,KOR
24202.txt,ZHO
24312.txt,ZHO
24427.txt,ZHO
25431.txt,TUR
25867.txt,TUR
26027.txt,TEL
26125.txt,ZHO
26388.txt,KOR
26720.txt,ARA
26917.txt,KOR
27234.txt,JPN
27527.txt,JPN
28471.txt,ITA
28557.txt,HIN
28610.txt,ITA
28789.txt,TUR
28841.txt,ARA
29397.txt,ZHO
29470.txt,TEL
29693.txt,SPA
29789.txt,FRA
30668.txt,TEL
31117.txt,JPN
31135.txt,JPN
31650.txt,FRA
32629.txt,FRA
33102.txt,ZHO
33745.txt,ITA
33973.txt,KOR
34393.txt,ZHO
34566.txt,FRA
35061.txt,ARA
35220.txt,FRA
35420.txt,ZHO
35820.txt,KOR
35950.txt,SPA
36300.txt,ZHO
36413.txt,TEL
36663.txt,ARA
36833.txt,TEL
37807.txt,ZHO
38221.txt,JPN
38979.txt,ITA
38980.txt,KOR
39030.txt,ITA
40378.txt,JPN
41419.txt,ARA
42310.txt,ITA
42592.txt,ITA
42600.txt,ZHO
43322.txt,JPN
43558.txt,ZHO
43677.txt,ARA
43685.txt,JPN
44062.txt,TEL
44162.txt,KOR
44804.txt,JPN
44844.txt,KOR
44961.txt,SPA
45134.txt,ITA
45347.txt,TEL
45353.txt,KOR
45595.txt,ARA
46209.txt,FRA
46344.txt,TUR
46596.txt,KOR
46768.txt,ARA
46827.txt,ZHO
46849.txt,SPA
48984.txt,SPA
49636.txt,ARA
50082.txt,ZHO
50865.txt,ITA
51386.txt,TEL
51757.txt,ITA
51759.txt,KOR
52674.txt,ZHO
53993.txt,TUR
54026.txt,TEL
54118.txt,FRA
54162.txt,TEL
54191.txt,TUR
54260.txt,TUR
54482.txt,ITA
54719.txt,KOR
54915.txt,JPN
54939.txt,TUR
55034.txt,HIN
55857.txt,KOR
55923.txt,FRA
55925.txt,SPA
56282.txt,ITA
56736.txt,ITA
57409.txt,TUR
57433.txt,ARA
57452.txt,FRA
57757.txt,ZHO
59848.txt,ARA
59983.txt,TUR
60059.txt,KOR
60196.txt,KOR
60595.txt,JPN
61190.txt,SPA
61275.txt,JPN
61450.txt,KOR
61529.txt,KOR
62188.txt,TUR
63040.txt,ITA
63277.txt,KOR
63578.txt,KOR
65865.txt,SPA
66028.txt,JPN
66589.txt,ARA
66592.txt,KOR
67062.txt,KOR
67123.txt,DEU
67471.txt,KOR
67816.txt,TUR
68582.txt,TUR
68678.txt,HIN
69177.txt,ZHO
69255.txt,TEL
69491.txt,JPN
69510.txt,ITA
70027.txt,ITA
70247.txt,JPN
70330.txt,JPN
70644.txt,ZHO
70965.txt,ITA
72083.txt,HIN
72114.txt,ARA
72320.txt,SPA
72376.txt,JPN
73082.txt,SPA
73163.txt,SPA
73297.txt,JPN
73427.txt,TEL
73721.txt,ZHO
74452.txt,FRA
74580.txt,JPN
74903.txt,FRA
76152.txt,JPN
76434.txt,KOR
76547.txt,DEU
76666.txt,JPN
76831.txt,TEL
76891.txt,ITA
77255.txt,DEU
77388.txt,JPN
77621.txt,TEL
77838.txt,DEU
78009.txt,ZHO
78400.txt,SPA
78609.txt,KOR
78794.txt,TEL
79025.txt,ZHO
79211.txt,FRA
79442.txt,ZHO
79816.txt,SPA
79990.txt,TEL
81227.txt,FRA
81507.txt,ZHO
81735.txt,TEL
81824.txt,KOR
82026.txt,FRA
82120.txt,ITA
82613.txt,ZHO
82993.txt,ZHO
84139.txt,TUR
84912.txt,DEU
85142.txt,FRA
86771.txt,KOR
86821.txt,ARA
87097.txt,TEL
87101.txt,TEL
87463.txt,ARA
88000.txt,JPN
88141.txt,HIN
88199.txt,DEU
88202.txt,DEU
88310.txt,FRA
89547.txt,TEL
89860.txt,ITA
90472.txt,HIN
91268.txt,FRA
91899.txt,JPN
92230.txt,ARA
93143.txt,TEL
93531.txt,HIN
93566.txt,FRA
94274.txt,KOR
94398.txt,SPA
94633.txt,FRA
94655.txt,ZHO
94768.txt,JPN
95152.txt,ITA
95457.txt,ITA
96033.txt,JPN
96321.txt,ARA
96404.txt,KOR
96442.txt,ZHO
96578.txt,FRA
96909.txt,KOR
97031.txt,ITA
97262.txt,ARA
98093.txt,ZHO
98215.txt,ITA
98336.txt,ITA
98551.txt,SPA
98579.txt,JPN
98792.txt,HIN
98897.txt,TEL
99527.txt,FRA
100082.txt,TUR
100202.txt,SPA
100691.txt,TEL
101126.txt,ITA
102895.txt,JPN
104261.txt,TUR
104414.txt,ITA
104807.txt,KOR
105101.txt,TUR
105779.txt,FRA
105974.txt,KOR
106055.txt,ARA
106214.txt,TUR
106547.txt,ITA
106584.txt,ZHO
107980.txt,HIN
109011.txt,JPN
109265.txt,HIN
109578.txt,FRA
109687.txt,SPA
110038.txt,KOR
110274.txt,ZHO
112324.txt,ITA
112343.txt,JPN
112592.txt,SPA
113267.txt,FRA
113320.txt,JPN
113678.txt,KOR
114592.txt,ZHO
114752.txt,DEU
115407.txt,JPN
115526.txt,JPN
115632.txt,TEL
116281.txt,TEL
116604.txt,TEL
117293.txt,KOR
117426.txt,ZHO
118758.txt,JPN
119361.txt,ZHO
119667.txt,TUR
119703.txt,ARA
119900.txt,TUR
119912.txt,KOR
120103.txt,FRA
120142.txt,FRA
120573.txt,TEL
120858.txt,TEL
121083.txt,ITA
121295.txt,FRA
121393.txt,ITA
121551.txt,KOR
122241.txt,TUR
122553.txt,TUR
122973.txt,TEL
123581.txt,TEL
123954.txt,SPA
124091.txt,JPN
125107.txt,ITA
125347.txt,JPN
125348.txt,ARA
125545.txt,ARA
127102.txt,FRA
127325.txt,TUR
127595.txt,FRA
127642.txt,ARA
127656.txt,TUR
127866.txt,KOR
128563.txt,HIN
128690.txt,ITA
128748.txt,TUR
128987.txt,TEL
129159.txt,ZHO
129269.txt,SPA
129424.txt,TEL
129964.txt,TUR
130222.txt,ZHO
131064.txt,FRA
131717.txt,HIN
131838.txt,ITA
132359.txt,JPN
132694.txt,DEU
133459.txt,ITA
133656.txt,JPN
133707.txt,ZHO
133862.txt,TUR
135078.txt,TUR
135427.txt,ZHO
136109.txt,ZHO
136235.txt,JPN
136505.txt,TEL
137438.txt,ITA
138585.txt,JPN
138619.txt,SPA
139820.txt,ARA
139883.txt,JPN
139949.txt,ARA
140055.txt,SPA
140184.txt,KOR
140614.txt,ITA
140637.txt,ITA
141346.txt,ARA
141405.txt,TEL
142114.txt,FRA
142991.txt,HIN
143306.txt,JPN
143780.txt,ITA
143785.txt,JPN
144209.txt,ARA
144375.txt,JPN
144911.txt,JPN
144990.txt,JPN
144997.txt,TUR
145529.txt,FRA
146778.txt,ITA
147236.txt,JPN
147353.txt,KOR
147597.txt,KOR
147680.txt,HIN
147799.txt,ZHO
148079.txt,FRA
148182.txt,ITA
148625.txt,JPN
148941.txt,ZHO
148959.txt,DEU
149081.txt,SPA
149358.txt,SPA
149591.txt,JPN
149753.txt,KOR
149929.txt,KOR
150180.txt,TUR
150717.txt,SPA
152045.txt,ITA
152157.txt,SPA
152549.txt,ARA
153137.txt,ZHO
154270.txt,JPN
154540.txt,JPN
155157.txt,FRA
155456.txt,ZHO
155871.txt,DEU
156321.txt,KOR
156340.txt,TUR
156740.txt,HIN
156852.txt,KOR
157037.txt,ITA
158423.txt,TEL
158696.txt,HIN
159000.txt,ZHO
159190.txt,FRA
159561.txt,SPA
159928.txt,ZHO
160039.txt,JPN
160123.txt,TEL
160348.txt,TEL
160966.txt,HIN
161744.txt,DEU
161841.txt,SPA
161963.txt,FRA
162205.txt,DEU
162684.txt,ARA
163161.txt,FRA
163355.txt,SPA
163379.txt,JPN
163967.txt,FRA
164044.txt,JPN
164339.txt,ITA
164538.txt,ARA
164634.txt,ARA
164635.txt,KOR
165228.txt,ARA
165310.txt,FRA
166227.txt,SPA
166467.txt,ARA
166763.txt,ARA
166869.txt,ZHO
167234.txt,ITA
167761.txt,KOR
168441.txt,TUR
168891.txt,DEU
169025.txt,KOR
169678.txt,KOR
170042.txt,SPA
170423.txt,KOR
170743.txt,ARA
172351.txt,HIN
172423.txt,TUR
172746.txt,ZHO
172943.txt,SPA
173335.txt,ZHO
173596.txt,FRA
173637.txt,DEU
174125.txt,TEL
174491.txt,TUR
174727.txt,TEL
174779.txt,ZHO
175498.txt,DEU
176054.txt,SPA
176239.txt,TEL
176501.txt,TEL
176669.txt,SPA
176704.txt,TEL
177119.txt,ZHO
177381.txt,KOR
178084.txt,JPN
178348.txt,TUR
178774.txt,ZHO
178890.txt,ITA
179066.txt,TUR
179237.txt,JPN
179316.txt,KOR
179492.txt,ITA
180064.txt,FRA
180494.txt,JPN
180983.txt,FRA
181236.txt,FRA
181463.txt,ZHO
181518.txt,HIN
181730.txt,ARA
181772.txt,JPN
182825.txt,TUR
183439.txt,ARA
184250.txt,TEL
184396.txt,TUR
184425.txt,DEU
184501.txt,ZHO
184502.txt,TEL
185353.txt,ITA
185355.txt,TUR
185935.txt,TUR
186038.txt,HIN
186742.txt,FRA
187161.txt,TEL
187606.txt,TEL
187869.txt,TEL
187987.txt,ITA
188065.txt,TUR
188786.txt,ARA
188924.txt,ITA
188994.txt,ARA
188996.txt,ZHO
189340.txt,ARA
189469.txt,TEL
190334.txt,TUR
190335.txt,TUR
190419.txt,TUR
190605.txt,FRA
190835.txt,TEL
191013.txt,JPN
191284.txt,SPA
192302.txt,ITA
192496.txt,FRA
193638.txt,SPA
193664.txt,TUR
193896.txt,FRA
194550.txt,ITA
194815.txt,SPA
195811.txt,ZHO
195844.txt,ZHO
196145.txt,SPA
196767.txt,KOR
196859.txt,TEL
197102.txt,DEU
197162.txt,TEL
197244.txt,FRA
197341.txt,KOR
197393.txt,TUR
198024.txt,ZHO
198232.txt,HIN
198284.txt,ZHO
198874.txt,ZHO
198987.txt,FRA
199191.txt,KOR
199409.txt,HIN
200212.txt,ITA
200229.txt,DEU
200730.txt,ITA
201054.txt,JPN
203031.txt,TUR
203564.txt,TEL
203577.txt,DEU
203624.txt,ARA
203797.txt,SPA
203860.txt,ARA
204039.txt,TEL
204805.txt,JPN
206961.txt,KOR
207021.txt,JPN
207022.txt,ARA
207386.txt,HIN
207661.txt,TEL
208020.txt,KOR
208569.txt,KOR
208756.txt,ITA
208932.txt,ARA
209198.txt,TUR
209405.txt,ITA
210266.txt,TUR
210440.txt,SPA
211004.txt,TEL
211718.txt,TUR
211892.txt,SPA
213629.txt,SPA
213837.txt,KOR
214190.txt,DEU
215124.txt,TUR
215284.txt,TUR
215377.txt,TUR
215393.txt,ITA
215404.txt,FRA
215515.txt,ARA
216676.txt,KOR
216699.txt,KOR
216924.txt,ZHO
217726.txt,ARA
219920.txt,ARA
220304.txt,SPA
220830.txt,TEL
221057.txt,SPA
221642.txt,ITA
221718.txt,ITA
221746.txt,HIN
221777.txt,ITA
222001.txt,FRA
222236.txt,ITA
223311.txt,HIN
223513.txt,ARA
224229.txt,KOR
224399.txt,KOR
224530.txt,HIN
224749.txt,ZHO
224803.txt,ITA
225191.txt,KOR
225321.txt,JPN
225385.txt,JPN
225803.txt,ITA
225902.txt,ZHO
226446.txt,FRA
226862.txt,JPN
226985.txt,ZHO
227398.txt,JPN
227513.txt,TUR
227810.txt,ITA
228030.txt,JPN
228843.txt,SPA
229282.txt,KOR
230181.txt,SPA
230223.txt,ZHO
230324.txt,TUR
230433.txt,DEU
230995.txt,ITA
231275.txt,HIN
231611.txt,TEL
231681.txt,ITA
231710.txt,TUR
232528.txt,TEL
232900.txt,TUR
232912.txt,HIN
233577.txt,TUR
234361.txt,TEL
234549.txt,KOR
235600.txt,TUR
235787.txt,KOR
235958.txt,JPN
236229.txt,DEU
236302.txt,ITA
236604.txt,ARA
236714.txt,ARA
236812.txt,ZHO
237139.txt,TEL
237591.txt,ARA
238277.txt,HIN
238462.txt,ZHO
238497.txt,KOR
238640.txt,SPA
238746.txt,DEU
238829.txt,ZHO
239247.txt,ZHO
239337.txt,ARA
239365.txt,ZHO
239429.txt,HIN
239458.txt,SPA
239589.txt,FRA
240112.txt,KOR
241041.txt,SPA
243436.txt,DEU
245196.txt,SPA
245244.txt,SPA
245509.txt,ZHO
245604.txt,ZHO
246408.txt,KOR
246942.txt,JPN
247030.txt,ITA
247417.txt,TEL
247891.txt,FRA
248204.txt,TEL
248298.txt,SPA
248820.txt,FRA
248869.txt,TEL
249357.txt,SPA
249597.txt,KOR
249811.txt,DEU
249979.txt,TEL
250046.txt,TUR
250129.txt,FRA
250325.txt,HIN
251380.txt,TEL
252559.txt,TUR
252736.txt,FRA
252942.txt,SPA
253075.txt,ZHO
253143.txt,TEL
253215.txt,SPA
253436.txt,DEU
254034.txt,JPN
255205.txt,JPN
255474.txt,FRA
255499.txt,ZHO
255543.txt,ZHO
256014.txt,TEL
256269.txt,DEU
256471.txt,TUR
258020.txt,SPA
258207.txt,TUR
258625.txt,KOR
259334.txt,ZHO
260110.txt,FRA
261326.txt,SPA
261490.txt,FRA
262064.txt,ITA
262108.txt,HIN
262670.txt,TEL
263231.txt,TEL
263434.txt,KOR
263985.txt,DEU
264000.txt,ARA
264467.txt,ARA
264742.txt,HIN
265071.txt,SPA
266194.txt,KOR
266499.txt,FRA
266989.txt,ARA
266990.txt,KOR
267031.txt,JPN
267165.txt,FRA
267723.txt,FRA
268700.txt,ZHO
268901.txt,TUR
269129.txt,SPA
269251.txt,ARA
269477.txt,ZHO
269739.txt,SPA
269948.txt,TUR
269951.txt,ITA
270351.txt,TEL
271799.txt,FRA
271901.txt,KOR
272111.txt,KOR
272392.txt,ZHO
272533.txt,SPA
272679.txt,FRA
273464.txt,JPN
273570.txt,KOR
273992.txt,ZHO
274606.txt,KOR
274764.txt,ITA
274775.txt,ZHO
276037.txt,JPN
276813.txt,ZHO
277789.txt,FRA
278882.txt,TUR
279504.txt,FRA
279602.txt,ITA
280553.txt,DEU
282145.txt,KOR
282249.txt,SPA
282339.txt,HIN
283187.txt,JPN
283355.txt,KOR
283858.txt,TUR
284285.txt,ZHO
285349.txt,JPN
286058.txt,ZHO
286465.txt,SPA
286517.txt,ITA
286693.txt,ZHO
286707.txt,ZHO
286787.txt,ITA
286788.txt,TEL
286942.txt,SPA
288101.txt,SPA
288593.txt,ZHO
288794.txt,ZHO
289027.txt,JPN
289151.txt,KOR
289476.txt,JPN
290671.txt,SPA
291030.txt,KOR
291292.txt,TEL
291964.txt,HIN
292031.txt,TUR
292277.txt,ARA
293907.txt,TEL
293948.txt,FRA
293987.txt,JPN
294163.txt,ARA
294274.txt,ZHO
297050.txt,KOR
297621.txt,KOR
297801.txt,ZHO
298409.txt,DEU
298837.txt,TUR
299173.txt,HIN
299503.txt,SPA
299534.txt,TUR
299573.txt,KOR
301758.txt,TUR
301810.txt,JPN
301964.txt,KOR
302096.txt,SPA
302222.txt,TEL
302276.txt,HIN
303067.txt,KOR
303537.txt,ARA
303946.txt,SPA
304012.txt,SPA
305063.txt,TUR
305227.txt,ZHO
305245.txt,HIN
305322.txt,KOR
305383.txt,TUR
305904.txt,KOR
306086.txt,KOR
306204.txt,SPA
306419.txt,TEL
306478.txt,ARA
307077.txt,TUR
307679.txt,HIN
308280.txt,ITA
308358.txt,HIN
308627.txt,SPA
308728.txt,SPA
308972.txt,FRA
309113.txt,KOR
309367.txt,JPN
310495.txt,HIN
310552.txt,KOR
310620.txt,TEL
311465.txt,FRA
311660.txt,HIN
312526.txt,HIN
312605.txt,KOR
312838.txt,JPN
313492.txt,SPA
313791.txt,ARA
314118.txt,JPN
314209.txt,FRA
315042.txt,KOR
315471.txt,KOR
315619.txt,SPA
315825.txt,FRA
316000.txt,JPN
316264.txt,HIN
316711.txt,ARA
316818.txt,TUR
317001.txt,SPA
317765.txt,ITA
319026.txt,SPA
319124.txt,ITA
319655.txt,ITA
320310.txt,FRA
320403.txt,KOR
320545.txt,DEU
320613.txt,TUR
321175.txt,JPN
321317.txt,JPN
321427.txt,ZHO
322068.txt,ITA
322382.txt,TUR
322686.txt,TEL
322963.txt,DEU
323746.txt,DEU
324238.txt,TEL
325605.txt,SPA
325813.txt,JPN
326967.txt,FRA
327355.txt,SPA
327395.txt,ZHO
328055.txt,ZHO
328114.txt,ARA
328129.txt,ITA
328308.txt,HIN
328538.txt,JPN
328782.txt,FRA
328972.txt,SPA
329446.txt,ZHO
329621.txt,TUR
330072.txt,TUR
330983.txt,HIN
331142.txt,HIN
331558.txt,TUR
331578.txt,FRA
332053.txt,TEL
332497.txt,FRA
332739.txt,ZHO
332776.txt,TUR
333208.txt,SPA
333388.txt,ARA
334282.txt,ITA
334470.txt,TUR
334735.txt,ZHO
334895.txt,FRA
335468.txt,ITA
335928.txt,ZHO
336218.txt,FRA
336237.txt,ZHO
336738.txt,ZHO
336929.txt,ZHO
336952.txt,FRA
337831.txt,KOR
337893.txt,ARA
338552.txt,JPN
338727.txt,JPN
339271.txt,DEU
339317.txt,ITA
339507.txt,DEU
339750.txt,ITA
339788.txt,ARA
340105.txt,HIN
340652.txt,FRA
340944.txt,SPA
340981.txt,TUR
341028.txt,FRA
341473.txt,DEU
341509.txt,TEL
342177.txt,JPN
342471.txt,KOR
342500.txt,TEL
343252.txt,KOR
343455.txt,SPA
343870.txt,TUR
343891.txt,JPN
344395.txt,TEL
344615.txt,ITA
345389.txt,KOR
345667.txt,KOR
346060.txt,DEU
346667.txt,TUR
347476.txt,HIN
347830.txt,ZHO
348418.txt,KOR
348814.txt,KOR
348909.txt,HIN
349221.txt,DEU
349573.txt,SPA
350567.txt,FRA
350703.txt,FRA
350859.txt,FRA
351204.txt,KOR
351598.txt,TUR
351720.txt,DEU
351945.txt,TEL
351967.txt,KOR
352464.txt,ZHO
352739.txt,ARA
353004.txt,ZHO
353505.txt,SPA
353637.txt,TUR
354293.txt,HIN
354356.txt,TEL
354398.txt,KOR
354664.txt,HIN
354904.txt,TUR
354980.txt,HIN
354992.txt,ITA
355369.txt,JPN
355513.txt,SPA
355601.txt,KOR
355886.txt,ITA
356896.txt,DEU
357435.txt,ITA
357770.txt,ARA
357929.txt,ARA
358073.txt,ARA
358198.txt,SPA
358230.txt,FRA
358636.txt,ITA
358795.txt,HIN
359071.txt,ARA
359460.txt,ARA
359564.txt,DEU
359904.txt,ITA
360023.txt,ARA
360150.txt,ITA
360184.txt,FRA
360807.txt,SPA
360829.txt,TEL
360862.txt,DEU
361406.txt,SPA
361670.txt,JPN
361929.txt,JPN
361975.txt,TEL
362204.txt,TUR
362565.txt,TEL
363025.txt,TUR
363278.txt,DEU
364007.txt,ZHO
365442.txt,SPA
365977.txt,ITA
366248.txt,DEU
366442.txt,ZHO
366477.txt,JPN
366980.txt,KOR
367602.txt,FRA
367618.txt,JPN
367918.txt,SPA
368260.txt,ITA
368666.txt,HIN
368772.txt,DEU
368964.txt,ARA
369170.txt,JPN
369664.txt,JPN
370142.txt,ITA
370190.txt,FRA
370480.txt,ITA
370830.txt,FRA
370914.txt,FRA
371940.txt,JPN
371975.txt,SPA
372098.txt,TUR
372109.txt,ARA
372234.txt,DEU
372592.txt,ARA
372715.txt,TUR
373755.txt,TUR
374509.txt,JPN
374649.txt,ZHO
374895.txt,FRA
375388.txt,ZHO
375876.txt,TEL
376368.txt,JPN
377584.txt,HIN
377622.txt,DEU
377696.txt,TEL
378318.txt,ITA
378471.txt,ZHO
378529.txt,HIN
378535.txt,ITA
378701.txt,TEL
378807.txt,ARA
378888.txt,HIN
378969.txt,ARA
379130.txt,DEU
379257.txt,ZHO
379304.txt,FRA
379397.txt,ARA
379482.txt,SPA
379594.txt,SPA
380681.txt,ITA
381651.txt,KOR
381772.txt,TEL
381876.txt,ARA
381881.txt,TEL
381916.txt,FRA
382214.txt,TEL
382237.txt,FRA
382492.txt,FRA
382685.txt,SPA
383017.txt,ITA
384152.txt,ITA
384385.txt,HIN
385578.txt,DEU
385664.txt,JPN
385963.txt,TEL
386237.txt,ITA
386425.txt,HIN
386640.txt,TEL
386706.txt,TUR
386790.txt,ARA
388005.txt,KOR
388691.txt,ARA
389496.txt,TEL
390494.txt,ARA
390852.txt,ARA
391553.txt,TUR
391591.txt,JPN
391698.txt,SPA
391707.txt,SPA
392078.txt,TEL
392188.txt,ARA
393152.txt,SPA
393450.txt,TUR
393480.txt,JPN
394318.txt,SPA
394880.txt,FRA
394948.txt,ARA
395048.txt,ZHO
395429.txt,TUR
396589.txt,SPA
396748.txt,KOR
397349.txt,ITA
397356.txt,ARA
397373.txt,JPN
397414.txt,KOR
397696.txt,ARA
397753.txt,TUR
397946.txt,ZHO
398389.txt,JPN
399602.txt,HIN
399603.txt,SPA
399980.txt,ZHO
400278.txt,ARA
401540.txt,HIN
401885.txt,DEU
402915.txt,ZHO
403246.txt,KOR
403270.txt,DEU
403467.txt,TUR
403474.txt,TUR
403843.txt,KOR
404436.txt,KOR
404514.txt,KOR
405349.txt,ARA
405403.txt,ZHO
405894.txt,ITA
406028.txt,TUR
406669.txt,FRA
406878.txt,TEL
406896.txt,ARA
407133.txt,HIN
408242.txt,HIN
408400.txt,FRA
408794.txt,TEL
409056.txt,TEL
409501.txt,ARA
409695.txt,SPA
409820.txt,ARA
410050.txt,KOR
410323.txt,KOR
410702.txt,FRA
410790.txt,ARA
410805.txt,HIN
410900.txt,KOR
410984.txt,HIN
411135.txt,DEU
412083.txt,SPA
412217.txt,KOR
412566.txt,KOR
412744.txt,ARA
414694.txt,ARA
414985.txt,ARA
415597.txt,TUR
415619.txt,JPN
416035.txt,JPN
416852.txt,SPA
417184.txt,ITA
418886.txt,FRA
419007.txt,JPN
419091.txt,TUR
419804.txt,ZHO
420012.txt,JPN
420433.txt,FRA
421511.txt,ZHO
421519.txt,SPA
421876.txt,KOR
423534.txt,KOR
424217.txt,FRA
424249.txt,JPN
424464.txt,ZHO
424680.txt,KOR
425089.txt,TEL
425642.txt,FRA
425648.txt,ITA
425740.txt,HIN
425931.txt,JPN
426140.txt,JPN
426468.txt,ARA
426703.txt,HIN
426980.txt,HIN
427143.txt,HIN
427362.txt,HIN
428625.txt,ZHO
428776.txt,SPA
429993.txt,KOR
430394.txt,JPN
430455.txt,TEL
431173.txt,TUR
431218.txt,ARA
431670.txt,SPA
433312.txt,JPN
433565.txt,DEU
434129.txt,FRA
434670.txt,KOR
434851.txt,HIN
434883.txt,SPA
434970.txt,TEL
435182.txt,TEL
435837.txt,KOR
437121.txt,DEU
437953.txt,ZHO
438709.txt,ITA
438714.txt,HIN
439080.txt,KOR
439202.txt,JPN
439332.txt,HIN
439503.txt,DEU
439975.txt,SPA
440903.txt,ITA
441517.txt,JPN
441812.txt,SPA
441870.txt,SPA
443110.txt,ARA
443391.txt,ZHO
443398.txt,HIN
443496.txt,HIN
443687.txt,HIN
444588.txt,KOR
445365.txt,SPA
445485.txt,SPA
445532.txt,TUR
446062.txt,FRA
446405.txt,HIN
446649.txt,ARA
447734.txt,TUR
448248.txt,KOR
448743.txt,ZHO
448970.txt,ZHO
449166.txt,KOR
449749.txt,KOR
450144.txt,DEU
450321.txt,ITA
450473.txt,DEU
450516.txt,JPN
450526.txt,KOR
450770.txt,HIN
450861.txt,JPN
451558.txt,DEU
451803.txt,DEU
452644.txt,TUR
453003.txt,HIN
453358.txt,ITA
453935.txt,JPN
454715.txt,SPA
454748.txt,TEL
454955.txt,KOR
454958.txt,SPA
455070.txt,ZHO
455248.txt,ZHO
455631.txt,ZHO
455720.txt,ITA
455835.txt,ZHO
455943.txt,SPA
457243.txt,KOR
457645.txt,KOR
457970.txt,KOR
458360.txt,ZHO
458919.txt,KOR
458947.txt,TEL
459270.txt,KOR
459627.txt,ITA
459968.txt,JPN
460551.txt,TEL
460682.txt,DEU
461567.txt,HIN
462058.txt,TEL
462374.txt,DEU
463633.txt,ARA
463657.txt,FRA
464088.txt,FRA
464547.txt,TEL
464622.txt,ARA
464654.txt,TUR
464802.txt,SPA
464910.txt,FRA
464971.txt,ITA
465096.txt,FRA
465653.txt,SPA
465723.txt,SPA
465959.txt,TEL
466034.txt,TUR
466136.txt,JPN
466154.txt,JPN
466186.txt,ZHO
466340.txt,ARA
466675.txt,TUR
467442.txt,FRA
467462.txt,KOR
467644.txt,FRA
468447.txt,ZHO
468995.txt,ZHO
469493.txt,ARA
470830.txt,JPN
471184.txt,TEL
471491.txt,ZHO
471906.txt,TEL
472385.txt,TUR
472927.txt,JPN
473361.txt,JPN
473771.txt,ITA
474327.txt,TEL
474579.txt,ITA
475475.txt,JPN
475735.txt,KOR
476573.txt,ARA
477043.txt,TUR
477986.txt,TUR
478082.txt,TUR
478818.txt,KOR
478851.txt,TUR
478880.txt,JPN
479625.txt,JPN
480499.txt,SPA
481045.txt,TUR
481560.txt,JPN
481860.txt,KOR
481984.txt,ZHO
482256.txt,FRA
482287.txt,ARA
482413.txt,KOR
482603.txt,ARA
482686.txt,JPN
482885.txt,TEL
483233.txt,TEL
483399.txt,DEU
483594.txt,DEU
483612.txt,JPN
483654.txt,FRA
483949.txt,TUR
484044.txt,ITA
484161.txt,TUR
484386.txt,DEU
484479.txt,TEL
484493.txt,ITA
484918.txt,TEL
485655.txt,TUR
486052.txt,JPN
486681.txt,ZHO
487048.txt,ZHO
487073.txt,JPN
487338.txt,JPN
488219.txt,DEU
488246.txt,TUR
488264.txt,ZHO
488388.txt,JPN
488490.txt,HIN
489201.txt,ARA
489763.txt,JPN
489857.txt,KOR
490274.txt,ZHO
490710.txt,TEL
490982.txt,ITA
491044.txt,TEL
491237.txt,TEL
491519.txt,TEL
491698.txt,SPA
491733.txt,DEU
491742.txt,ITA
492022.txt,KOR
492113.txt,TUR
492740.txt,ZHO
493020.txt,TEL
493293.txt,KOR
494224.txt,HIN
494614.txt,KOR
494639.txt,SPA
494841.txt,ARA
495746.txt,TUR
495844.txt,ZHO
496088.txt,TEL
497082.txt,JPN
498179.txt,SPA
498954.txt,ZHO
499380.txt,TUR
499483.txt,KOR
500492.txt,ARA
500691.txt,SPA
500948.txt,KOR
501557.txt,HIN
502263.txt,HIN
502380.txt,ZHO
502460.txt,TEL
502711.txt,ITA
503106.txt,KOR
503523.txt,ITA
503634.txt,JPN
504053.txt,TEL
504313.txt,TEL
504443.txt,TUR
504656.txt,SPA
505053.txt,TUR
505711.txt,ITA
506403.txt,KOR
507596.txt,KOR
507926.txt,ARA
508105.txt,ARA
508121.txt,ZHO
508658.txt,TUR
508901.txt,TEL
508915.txt,TEL
509301.txt,ARA
509535.txt,KOR
511486.txt,TUR
511564.txt,FRA
511819.txt,DEU
511877.txt,JPN
511900.txt,ITA
512079.txt,ZHO
512080.txt,ARA
513615.txt,TEL
513986.txt,KOR
515308.txt,SPA
515427.txt,TEL
516153.txt,ZHO
516491.txt,HIN
517050.txt,ITA
517446.txt,ZHO
517652.txt,DEU
518616.txt,HIN
519307.txt,ITA
519398.txt,SPA
520388.txt,ARA
520556.txt,TEL
520764.txt,ZHO
520781.txt,TUR
521027.txt,ARA
521295.txt,ARA
521976.txt,TEL
522019.txt,JPN
522069.txt,TUR
522501.txt,TUR
523119.txt,KOR
523299.txt,JPN
523338.txt,ITA
524381.txt,KOR
524528.txt,JPN
524599.txt,HIN
524906.txt,HIN
525210.txt,JPN
525628.txt,ARA
525693.txt,TEL
525771.txt,ZHO
526315.txt,TEL
526397.txt,TUR
526869.txt,TUR
527259.txt,ZHO
527360.txt,TUR
527363.txt,TEL
527417.txt,ARA
527476.txt,ARA
527830.txt,KOR
527904.txt,TUR
527911.txt,ZHO
527970.txt,ZHO
528099.txt,TUR
528462.txt,JPN
529291.txt,FRA
529504.txt,DEU
529930.txt,ZHO
529950.txt,ITA
530276.txt,ITA
531144.txt,HIN
531640.txt,JPN
531960.txt,ZHO
532200.txt,TUR
532892.txt,KOR
532998.txt,SPA
533407.txt,JPN
533875.txt,KOR
534592.txt,JPN
534637.txt,TUR
534864.txt,TEL
535006.txt,ARA
535048.txt,ITA
535090.txt,DEU
535556.txt,TEL
535832.txt,TUR
536152.txt,DEU
536353.txt,ARA
536417.txt,ITA
536449.txt,FRA
537063.txt,ARA
537067.txt,SPA
537366.txt,ZHO
537398.txt,ZHO
537737.txt,FRA
538257.txt,SPA
538400.txt,FRA
538667.txt,TUR
539289.txt,KOR
539885.txt,FRA
540393.txt,KOR
540886.txt,ARA
540998.txt,ITA
541420.txt,ITA
541505.txt,ITA
541990.txt,ITA
541994.txt,HIN
542118.txt,SPA
542173.txt,HIN
542386.txt,FRA
542462.txt,HIN
542946.txt,JPN
543170.txt,JPN
543465.txt,TEL
544152.txt,JPN
544370.txt,ZHO
544484.txt,SPA
544925.txt,ITA
545760.txt,KOR
546010.txt,ZHO
546354.txt,JPN
546865.txt,TEL
546929.txt,ITA
547293.txt,JPN
547595.txt,KOR
548176.txt,ARA
548695.txt,ITA
549045.txt,ZHO
549145.txt,TEL
549466.txt,FRA
549479.txt,FRA
549480.txt,ZHO
549646.txt,ITA
549793.txt,TEL
550108.txt,ITA
550188.txt,JPN
550340.txt,ARA
550913.txt,TEL
551818.txt,ARA
551840.txt,FRA
552202.txt,JPN
552561.txt,FRA
552662.txt,TUR
553870.txt,SPA
553996.txt,SPA
554177.txt,ARA
554410.txt,JPN
554713.txt,HIN
554731.txt,TUR
554740.txt,ZHO
555243.txt,FRA
556784.txt,HIN
558426.txt,SPA
558522.txt,TEL
559209.txt,HIN
559741.txt,ZHO
559857.txt,ARA
559999.txt,FRA
560599.txt,ITA
560605.txt,TUR
560660.txt,SPA
560801.txt,TUR
561169.txt,SPA
561433.txt,ITA
562635.txt,TUR
562687.txt,ARA
562974.txt,ZHO
563460.txt,SPA
564761.txt,JPN
564826.txt,HIN
565208.txt,TEL
566019.txt,JPN
566155.txt,TEL
566458.txt,TUR
566500.txt,KOR
566977.txt,KOR
567278.txt,JPN
567512.txt,KOR
567637.txt,HIN
567945.txt,FRA
568378.txt,TEL
568928.txt,ARA
569034.txt,HIN
569140.txt,JPN
569366.txt,KOR
569370.txt,JPN
570296.txt,TUR
570409.txt,TEL
570653.txt,KOR
571475.txt,ZHO
571580.txt,ZHO
571680.txt,KOR
571824.txt,TUR
572315.txt,TEL
572429.txt,HIN
572567.txt,ITA
573280.txt,ITA
573794.txt,JPN
573895.txt,ARA
574049.txt,ITA
574050.txt,TEL
574079.txt,SPA
574231.txt,ZHO
574279.txt,DEU
574440.txt,KOR
575457.txt,ZHO
575615.txt,KOR
577644.txt,DEU
577658.txt,DEU
578415.txt,ITA
578558.txt,JPN
579144.txt,DEU
579233.txt,SPA
579464.txt,TEL
581396.txt,SPA
581586.txt,JPN
581789.txt,KOR
582057.txt,ITA
582067.txt,ZHO
582854.txt,ITA
583632.txt,KOR
583681.txt,ITA
583905.txt,ITA
584480.txt,DEU
584486.txt,TEL
584940.txt,KOR
585777.txt,TEL
585957.txt,FRA
586048.txt,ITA
586292.txt,ZHO
586861.txt,FRA
587034.txt,ZHO
587212.txt,DEU
587861.txt,ARA
588147.txt,TEL
588149.txt,TEL
588800.txt,KOR
589124.txt,TUR
589665.txt,ARA
591199.txt,HIN
591239.txt,ARA
591260.txt,ZHO
592465.txt,ZHO
592760.txt,TEL
593025.txt,JPN
593140.txt,SPA
593292.txt,TEL
594107.txt,TUR
594483.txt,ZHO
594557.txt,TUR
595494.txt,SPA
595507.txt,TEL
597558.txt,FRA
597582.txt,ZHO
598606.txt,HIN
599447.txt,ARA
600252.txt,ZHO
600651.txt,ITA
600840.txt,ZHO
600908.txt,DEU
601537.txt,TUR
601700.txt,ARA
602602.txt,FRA
603150.txt,TUR
604241.txt,KOR
604907.txt,TUR
605081.txt,JPN
605644.txt,ITA
606480.txt,DEU
607448.txt,ARA
607506.txt,ZHO
607824.txt,TEL
608197.txt,TUR
608718.txt,FRA
608915.txt,ITA
609619.txt,ITA
609847.txt,ARA
610410.txt,ITA
610559.txt,KOR
610747.txt,JPN
611010.txt,ZHO
611015.txt,ZHO
611648.txt,HIN
612960.txt,FRA
613331.txt,JPN
613667.txt,TUR
613787.txt,HIN
613865.txt,TEL
614614.txt,TUR
614919.txt,ITA
614943.txt,DEU
615689.txt,KOR
615771.txt,ARA
615790.txt,DEU
616109.txt,TEL
616271.txt,JPN
617929.txt,JPN
618914.txt,ITA
618952.txt,DEU
619171.txt,ZHO
619794.txt,KOR
619822.txt,ITA
619863.txt,ARA
619888.txt,ITA
620203.txt,TUR
620562.txt,ZHO
621207.txt,DEU
621280.txt,ZHO
621287.txt,ZHO
621533.txt,SPA
621566.txt,SPA
622011.txt,ARA
622325.txt,FRA
622671.txt,ITA
622905.txt,TEL
623728.txt,TUR
624407.txt,ITA
625750.txt,DEU
625965.txt,TUR
626086.txt,KOR
626425.txt,KOR
626742.txt,HIN
626910.txt,ITA
627158.txt,KOR
627343.txt,ITA
627860.txt,ZHO
627946.txt,JPN
628285.txt,ZHO
628945.txt,DEU
628973.txt,TEL
629293.txt,SPA
629806.txt,JPN
629919.txt,ARA
629958.txt,JPN
630275.txt,ITA
631538.txt,ITA
631638.txt,FRA
631760.txt,DEU
631977.txt,TEL
632445.txt,JPN
633101.txt,ZHO
634324.txt,TUR
634325.txt,HIN
634426.txt,ITA
634628.txt,SPA
635482.txt,ITA
636503.txt,TUR
636603.txt,FRA
637126.txt,ARA
637890.txt,ZHO
638206.txt,ARA
638441.txt,ZHO
638476.txt,JPN
638921.txt,JPN
639257.txt,SPA
639345.txt,ARA
639751.txt,ITA
640201.txt,ITA
640516.txt,JPN
640775.txt,ZHO
640975.txt,ARA
641109.txt,KOR
642225.txt,DEU
642421.txt,TEL
642565.txt,TUR
642843.txt,KOR
643278.txt,FRA
644066.txt,ARA
644077.txt,FRA
644115.txt,ZHO
644141.txt,HIN
644766.txt,FRA
644817.txt,TUR
645115.txt,SPA
645392.txt,JPN
645527.txt,HIN
647119.txt,DEU
647135.txt,FRA
647213.txt,TUR
647449.txt,ZHO
647977.txt,FRA
648555.txt,TUR
648879.txt,HIN
649448.txt,ITA
649785.txt,JPN
649987.txt,FRA
650023.txt,ITA
650042.txt,TUR
650069.txt,FRA
650286.txt,FRA
650391.txt,ARA
650486.txt,ZHO
651200.txt,ITA
651824.txt,SPA
652314.txt,JPN
652435.txt,KOR
652676.txt,KOR
652753.txt,TUR
652944.txt,SPA
653019.txt,KOR
653273.txt,ZHO
653627.txt,SPA
653938.txt,KOR
654424.txt,KOR
654621.txt,TEL
654995.txt,FRA
656961.txt,TEL
657122.txt,TUR
657288.txt,DEU
657466.txt,DEU
657752.txt,TUR
657932.txt,SPA
657965.txt,JPN
659499.txt,ITA
659787.txt,ARA
660024.txt,JPN
660173.txt,HIN
660188.txt,JPN
660279.txt,FRA
660957.txt,FRA
661192.txt,FRA
661583.txt,TEL
661593.txt,TEL
662208.txt,HIN
662381.txt,SPA
662487.txt,SPA
662639.txt,FRA
662871.txt,KOR
662997.txt,ARA
663817.txt,HIN
664671.txt,ITA
665001.txt,KOR
665250.txt,JPN
665660.txt,SPA
665664.txt,ZHO
665736.txt,TEL
665880.txt,KOR
666393.txt,ITA
667145.txt,KOR
667407.txt,TEL
667989.txt,TUR
668130.txt,ARA
669229.txt,HIN
669455.txt,ITA
669641.txt,JPN
669962.txt,KOR
670033.txt,ZHO
670065.txt,ARA
670986.txt,ITA
671215.txt,ZHO
671290.txt,TUR
671402.txt,TEL
671950.txt,KOR
672469.txt,FRA
672519.txt,TUR
672978.txt,ARA
673297.txt,TEL
674240.txt,ITA
674795.txt,ITA
674845.txt,SPA
675098.txt,ITA
675765.txt,ARA
675940.txt,KOR
675978.txt,HIN
676055.txt,SPA
676096.txt,FRA
676296.txt,DEU
676302.txt,ZHO
676438.txt,TEL
677082.txt,ARA
678610.txt,HIN
679430.txt,JPN
680416.txt,DEU
680439.txt,SPA
680446.txt,ZHO
680557.txt,TUR
680937.txt,TEL
681451.txt,DEU
682001.txt,TEL
682506.txt,TUR
682528.txt,TEL
682580.txt,ARA
682599.txt,JPN
683925.txt,TUR
684167.txt,TEL
684564.txt,TEL
684654.txt,FRA
685111.txt,SPA
685492.txt,ITA
685683.txt,ITA
686056.txt,FRA
686133.txt,KOR
687027.txt,HIN
687206.txt,FRA
687278.txt,SPA
687368.txt,JPN
687472.txt,JPN
687869.txt,ZHO
687936.txt,ITA
688712.txt,KOR
688768.txt,ARA
689003.txt,HIN
689213.txt,FRA
689276.txt,JPN
689502.txt,ITA
689519.txt,HIN
690518.txt,FRA
690756.txt,ZHO
690777.txt,HIN
690934.txt,ITA
691542.txt,ITA
691647.txt,SPA
693304.txt,KOR
693385.txt,SPA
693861.txt,KOR
694282.txt,KOR
694560.txt,DEU
694579.txt,ARA
694920.txt,ITA
694958.txt,ARA
695190.txt,ITA
695568.txt,TUR
695740.txt,ITA
696184.txt,TUR
696249.txt,JPN
697328.txt,FRA
697853.txt,FRA
697916.txt,ARA
697946.txt,ZHO
698089.txt,KOR
698140.txt,TEL
698315.txt,DEU
698584.txt,SPA
698938.txt,ZHO
699616.txt,FRA
700361.txt,ITA
701449.txt,JPN
701687.txt,ITA
701923.txt,FRA
702467.txt,ITA
702762.txt,TEL
702900.txt,KOR
703283.txt,ZHO
704267.txt,DEU
704557.txt,TEL
704641.txt,FRA
705377.txt,SPA
705622.txt,FRA
705875.txt,TUR
706345.txt,ARA
706586.txt,DEU
707592.txt,JPN
707747.txt,TUR
708327.txt,FRA
709009.txt,ARA
709022.txt,KOR
709122.txt,SPA
709656.txt,TEL
709824.txt,ARA
709871.txt,SPA
710380.txt,SPA
710425.txt,KOR
711230.txt,ZHO
712432.txt,FRA
712732.txt,KOR
712770.txt,ZHO
713667.txt,ZHO
714178.txt,ZHO
714336.txt,JPN
714397.txt,JPN
714976.txt,ARA
715034.txt,ITA
715272.txt,FRA
715496.txt,ZHO
715539.txt,TUR
716350.txt,ZHO
716657.txt,ITA
717539.txt,ZHO
717754.txt,HIN
718165.txt,JPN
718344.txt,SPA
718670.txt,SPA
718802.txt,JPN
718843.txt,ZHO
718995.txt,SPA
719400.txt,ITA
720657.txt,ZHO
720689.txt,DEU
720818.txt,SPA
720921.txt,KOR
720954.txt,JPN
721116.txt,JPN
721448.txt,KOR
721842.txt,HIN
721862.txt,ARA
722039.txt,ZHO
723044.txt,FRA
723813.txt,ITA
724046.txt,FRA
724658.txt,ZHO
724766.txt,TEL
726055.txt,TEL
726107.txt,ARA
726773.txt,SPA
726841.txt,TEL
727565.txt,ZHO
728083.txt,SPA
728184.txt,TEL
729257.txt,FRA
729387.txt,TEL
729619.txt,TUR
729948.txt,HIN
730146.txt,JPN
730595.txt,TEL
731015.txt,HIN
731320.txt,JPN
731350.txt,DEU
731723.txt,ITA
732809.txt,TEL
733175.txt,ARA
733882.txt,TEL
734384.txt,JPN
734535.txt,TEL
735483.txt,KOR
735597.txt,ZHO
736900.txt,ZHO
736999.txt,ITA
737057.txt,TEL
737481.txt,KOR
738187.txt,TEL
738258.txt,SPA
738834.txt,TEL
738893.txt,JPN
739229.txt,FRA
739743.txt,HIN
740293.txt,JPN
740315.txt,ARA
740644.txt,KOR
740812.txt,ZHO
740955.txt,ITA
742034.txt,ZHO
742166.txt,KOR
742490.txt,DEU
742739.txt,HIN
743031.txt,SPA
743036.txt,ZHO
743087.txt,ARA
743356.txt,HIN
743599.txt,JPN
743600.txt,JPN
744121.txt,ZHO
744124.txt,ITA
744461.txt,JPN
744946.txt,FRA
745360.txt,FRA
745722.txt,ITA
746338.txt,ZHO
746516.txt,ZHO
747857.txt,JPN
747903.txt,TUR
748124.txt,TUR
748643.txt,TUR
748776.txt,KOR
748794.txt,SPA
748941.txt,KOR
748955.txt,TEL
750512.txt,ITA
751065.txt,SPA
751649.txt,ARA
751687.txt,ZHO
751885.txt,FRA
752350.txt,HIN
752575.txt,TEL
753056.txt,ZHO
753065.txt,ZHO
753844.txt,DEU
753920.txt,FRA
754202.txt,TEL
754426.txt,KOR
754849.txt,ITA
755139.txt,JPN
755269.txt,FRA
755287.txt,TEL
755353.txt,ITA
755389.txt,ZHO
755966.txt,ARA
756290.txt,TEL
756522.txt,ARA
756528.txt,JPN
756554.txt,FRA
756686.txt,ITA
756738.txt,FRA
756837.txt,DEU
757215.txt,JPN
757799.txt,SPA
757934.txt,JPN
758402.txt,FRA
758724.txt,SPA
758953.txt,TEL
759056.txt,ITA
759317.txt,ZHO
759638.txt,ARA
760612.txt,KOR
760638.txt,FRA
760920.txt,ARA
761599.txt,ITA
762179.txt,ITA
762665.txt,ZHO
763312.txt,TUR
763469.txt,FRA
764350.txt,ARA
764760.txt,KOR
765235.txt,TUR
765258.txt,TEL
766006.txt,ZHO
766292.txt,TUR
766545.txt,TUR
766850.txt,SPA
768723.txt,ARA
769730.txt,TUR
770355.txt,TEL
770544.txt,ZHO
771105.txt,KOR
771632.txt,ITA
771756.txt,JPN
771828.txt,KOR
772384.txt,TUR
772491.txt,TUR
772985.txt,KOR
773292.txt,KOR
773715.txt,FRA
774257.txt,ZHO
774598.txt,ARA
774719.txt,ITA
774820.txt,HIN
774885.txt,ZHO
774943.txt,ITA
775212.txt,JPN
775225.txt,KOR
775353.txt,ZHO
775722.txt,TEL
775937.txt,TUR
775971.txt,TEL
776260.txt,TEL
777202.txt,ZHO
777900.txt,ARA
778332.txt,ITA
779231.txt,ARA
779862.txt,FRA
780445.txt,TEL
780493.txt,JPN
780652.txt,ARA
781668.txt,ITA
781841.txt,JPN
781859.txt,TEL
782019.txt,ZHO
782745.txt,JPN
782773.txt,DEU
783001.txt,ARA
783824.txt,ZHO
783963.txt,ZHO
784172.txt,KOR
784175.txt,TUR
784301.txt,ITA
784920.txt,JPN
784935.txt,ITA
785489.txt,KOR
785719.txt,KOR
785922.txt,TUR
786108.txt,JPN
787044.txt,ARA
787066.txt,FRA
787279.txt,TEL
787983.txt,HIN
788241.txt,ZHO
788266.txt,TEL
788567.txt,TUR
788584.txt,JPN
788664.txt,HIN
788990.txt,SPA
789622.txt,DEU
790230.txt,ITA
790305.txt,TUR
790497.txt,KOR
790680.txt,SPA
790700.txt,TUR
790745.txt,HIN
790907.txt,TUR
791564.txt,SPA
792169.txt,KOR
792314.txt,FRA
793071.txt,ITA
793104.txt,TEL
794590.txt,ITA
794873.txt,JPN
794997.txt,TUR
795405.txt,KOR
795773.txt,TEL
796117.txt,ARA
796634.txt,ZHO
796638.txt,TEL
797386.txt,ITA
797506.txt,TUR
797853.txt,ZHO
797943.txt,FRA
798245.txt,KOR
798434.txt,ZHO
798946.txt,ZHO
800494.txt,ARA
800942.txt,ZHO
801680.txt,FRA
802609.txt,TUR
802689.txt,SPA
802748.txt,ARA
802897.txt,TUR
803299.txt,ARA
803585.txt,DEU
803843.txt,TEL
804437.txt,KOR
805867.txt,ITA
806208.txt,ZHO
806382.txt,TEL
806999.txt,ITA
807161.txt,KOR
807184.txt,DEU
807318.txt,SPA
807827.txt,TUR
807870.txt,JPN
808248.txt,ITA
808414.txt,DEU
808468.txt,TEL
808664.txt,FRA
808693.txt,FRA
809102.txt,FRA
809144.txt,ZHO
809892.txt,SPA
810079.txt,HIN
810394.txt,ARA
810741.txt,TUR
810864.txt,SPA
811597.txt,ITA
812349.txt,FRA
812763.txt,KOR
812813.txt,DEU
814156.txt,JPN
815021.txt,TUR
815213.txt,TEL
815560.txt,HIN
815779.txt,KOR
816118.txt,KOR
817301.txt,TEL
817396.txt,SPA
817588.txt,TUR
818214.txt,KOR
818262.txt,KOR
818274.txt,TEL
818350.txt,ZHO
818711.txt,FRA
819117.txt,TEL
819302.txt,JPN
820981.txt,SPA
821393.txt,DEU
821427.txt,HIN
821471.txt,FRA
821639.txt,SPA
821824.txt,TEL
822168.txt,FRA
822245.txt,HIN
822458.txt,TEL
822474.txt,KOR
822531.txt,JPN
822614.txt,FRA
822619.txt,JPN
822642.txt,KOR
823056.txt,HIN
823461.txt,KOR
823641.txt,JPN
823676.txt,DEU
824421.txt,DEU
825024.txt,JPN
825234.txt,TEL
825352.txt,JPN
825450.txt,KOR
826468.txt,JPN
826995.txt,SPA
827072.txt,DEU
827180.txt,FRA
827624.txt,TUR
827942.txt,ZHO
828251.txt,ZHO
828545.txt,KOR
828607.txt,JPN
828690.txt,TEL
828903.txt,TUR
828924.txt,ZHO
829313.txt,FRA
829834.txt,SPA
829845.txt,FRA
829846.txt,FRA
830290.txt,ITA
831499.txt,SPA
831513.txt,ITA
831525.txt,FRA
832034.txt,ZHO
832287.txt,KOR
832578.txt,TEL
832813.txt,FRA
833365.txt,JPN
833532.txt,ZHO
833694.txt,HIN
833758.txt,ZHO
834684.txt,TEL
834700.txt,SPA
834810.txt,DEU
835172.txt,JPN
835620.txt,FRA
835982.txt,ZHO
836220.txt,HIN
836337.txt,ITA
836626.txt,JPN
836850.txt,JPN
837405.txt,JPN
837531.txt,TEL
838184.txt,JPN
838581.txt,FRA
839777.txt,ARA
840023.txt,HIN
840632.txt,ARA
841402.txt,TUR
842892.txt,ZHO
843007.txt,JPN
843041.txt,DEU
843939.txt,HIN
843995.txt,ZHO
844814.txt,TEL
845072.txt,SPA
845405.txt,HIN
845966.txt,ITA
846169.txt,FRA
846507.txt,ZHO
846879.txt,SPA
847122.txt,TEL
847521.txt,ZHO
847972.txt,ITA
848358.txt,JPN
848739.txt,ARA
848864.txt,ZHO
849271.txt,ARA
849976.txt,HIN
850112.txt,SPA
850865.txt,ZHO
851676.txt,FRA
852539.txt,ZHO
852796.txt,FRA
853044.txt,ARA
853515.txt,FRA
853580.txt,KOR
854133.txt,ITA
854397.txt,FRA
854456.txt,TUR
854506.txt,FRA
855758.txt,ITA
856240.txt,JPN
856381.txt,ITA
856596.txt,ARA
856908.txt,ITA
857113.txt,ZHO
857379.txt,DEU
857632.txt,ARA
858051.txt,TUR
858332.txt,ITA
858506.txt,ITA
859305.txt,JPN
859720.txt,FRA
859835.txt,ITA
859857.txt,ZHO
859886.txt,TUR
860067.txt,JPN
860140.txt,TEL
860569.txt,TUR
861537.txt,ZHO
861815.txt,TEL
862534.txt,KOR
862656.txt,ITA
862886.txt,FRA
863091.txt,HIN
863617.txt,TUR
863675.txt,ARA
864046.txt,ZHO
864651.txt,SPA
864953.txt,TUR
865101.txt,KOR
865110.txt,ZHO
865435.txt,DEU
865467.txt,JPN
865664.txt,ITA
865818.txt,KOR
865846.txt,SPA
865891.txt,HIN
866031.txt,SPA
866082.txt,DEU
866181.txt,DEU
866551.txt,DEU
868001.txt,TEL
868012.txt,HIN
868072.txt,DEU
868191.txt,DEU
868655.txt,FRA
868778.txt,ARA
868987.txt,ARA
869817.txt,ZHO
870059.txt,FRA
870686.txt,TUR
870818.txt,DEU
871149.txt,JPN
872294.txt,JPN
873033.txt,JPN
873242.txt,TUR
873390.txt,KOR
873660.txt,ARA
873823.txt,JPN
874017.txt,HIN
874339.txt,JPN
874360.txt,SPA
874652.txt,KOR
874882.txt,ZHO
874916.txt,KOR
874929.txt,TUR
876354.txt,KOR
878820.txt,KOR
878843.txt,SPA
879443.txt,FRA
879458.txt,ITA
880014.txt,KOR
880186.txt,ARA
880258.txt,ITA
880785.txt,TUR
881089.txt,HIN
881421.txt,DEU
881922.txt,TUR
882476.txt,JPN
882610.txt,TEL
882992.txt,ITA
883701.txt,FRA
883778.txt,ARA
884047.txt,TUR
884203.txt,FRA
884438.txt,SPA
884540.txt,HIN
885493.txt,ZHO
885903.txt,FRA
885981.txt,KOR
886775.txt,ITA
886778.txt,JPN
887023.txt,TEL
887235.txt,HIN
887254.txt,ITA
887554.txt,ARA
887974.txt,KOR
888013.txt,FRA
889236.txt,TUR
889266.txt,SPA
889852.txt,ARA
890359.txt,DEU
890633.txt,TEL
892190.txt,DEU
892332.txt,FRA
892336.txt,ZHO
892440.txt,TUR
892633.txt,TEL
892742.txt,ITA
893302.txt,ITA
893820.txt,FRA
894282.txt,ITA
894309.txt,ARA
894477.txt,FRA
894763.txt,TEL
894771.txt,JPN
895067.txt,SPA
895291.txt,SPA
895335.txt,JPN
895389.txt,SPA
895421.txt,KOR
895470.txt,KOR
896203.txt,TUR
896572.txt,JPN
896817.txt,SPA
896990.txt,KOR
897111.txt,ITA
897218.txt,SPA
897719.txt,HIN
898187.txt,ARA
898385.txt,HIN
898851.txt,JPN
900930.txt,JPN
900973.txt,ZHO
901198.txt,ARA
901268.txt,KOR
902176.txt,KOR
902876.txt,TEL
902981.txt,SPA
903244.txt,TEL
903537.txt,ARA
904599.txt,KOR
904773.txt,ARA
905111.txt,SPA
905306.txt,KOR
906490.txt,KOR
907276.txt,FRA
907533.txt,SPA
908077.txt,FRA
908109.txt,HIN
908407.txt,HIN
908489.txt,ARA
908592.txt,KOR
908760.txt,KOR
908787.txt,HIN
908855.txt,KOR
908960.txt,KOR
909073.txt,TEL
909470.txt,KOR
910070.txt,JPN
910173.txt,JPN
910544.txt,JPN
911200.txt,SPA
911291.txt,KOR
911420.txt,SPA
911481.txt,FRA
911530.txt,ARA
911678.txt,HIN
911992.txt,HIN
912474.txt,SPA
913202.txt,DEU
913507.txt,ZHO
913881.txt,KOR
913914.txt,FRA
913962.txt,DEU
914258.txt,TUR
914382.txt,ZHO
914745.txt,SPA
914790.txt,KOR
916327.txt,ZHO
916371.txt,ITA
916799.txt,SPA
917441.txt,TEL
917648.txt,KOR
918193.txt,HIN
918207.txt,TUR
919947.txt,FRA
920346.txt,KOR
920482.txt,FRA
921931.txt,SPA
922116.txt,ARA
922920.txt,ITA
924072.txt,TEL
924811.txt,KOR
924846.txt,ZHO
924955.txt,ITA
925174.txt,FRA
925319.txt,ZHO
925670.txt,KOR
925939.txt,FRA
926727.txt,ARA
926874.txt,DEU
926959.txt,KOR
927079.txt,ARA
928801.txt,TEL
929263.txt,SPA
929278.txt,DEU
929859.txt,TUR
930185.txt,ARA
930507.txt,ITA
931099.txt,JPN
931307.txt,ARA
931391.txt,JPN
931504.txt,FRA
931705.txt,ARA
932303.txt,ZHO
932367.txt,ZHO
932623.txt,ZHO
934203.txt,HIN
935066.txt,TUR
935619.txt,ZHO
935739.txt,ARA
935936.txt,ARA
936677.txt,ARA
936894.txt,ITA
937557.txt,DEU
937782.txt,KOR
938880.txt,FRA
939154.txt,SPA
939633.txt,SPA
939968.txt,KOR
940203.txt,KOR
940213.txt,DEU
940667.txt,JPN
941050.txt,SPA
941476.txt,KOR
941555.txt,TUR
941560.txt,ARA
942091.txt,TEL
942167.txt,ARA
942306.txt,TUR
942467.txt,FRA
943395.txt,TUR
943687.txt,SPA
944368.txt,KOR
944834.txt,SPA
944946.txt,JPN
945495.txt,FRA
947427.txt,KOR
948859.txt,SPA
949200.txt,HIN
951470.txt,ARA
952455.txt,SPA
952965.txt,KOR
953116.txt,ITA
953444.txt,ARA
953662.txt,HIN
954017.txt,DEU
954027.txt,JPN
954334.txt,TEL
954750.txt,KOR
954857.txt,HIN
955183.txt,JPN
955295.txt,SPA
955572.txt,ARA
956072.txt,KOR
956930.txt,HIN
957073.txt,ZHO
957114.txt,TEL
957211.txt,KOR
957593.txt,TEL
957605.txt,TUR
957636.txt,TEL
957902.txt,FRA
957930.txt,ARA
958475.txt,ITA
959233.txt,TUR
959281.txt,SPA
960227.txt,FRA
960544.txt,FRA
961374.txt,HIN
961686.txt,TEL
961814.txt,SPA
962404.txt,HIN
963254.txt,JPN
963900.txt,ITA
964061.txt,ITA
964484.txt,TEL
965074.txt,KOR
965186.txt,ZHO
965249.txt,KOR
965469.txt,TEL
966450.txt,ZHO
966738.txt,TEL
966871.txt,TEL
967250.txt,TEL
967745.txt,DEU
968828.txt,FRA
969074.txt,TEL
969165.txt,HIN
969299.txt,HIN
969335.txt,ITA
969532.txt,JPN
969692.txt,ARA
970190.txt,TEL
970493.txt,TEL
970708.txt,DEU
971126.txt,TUR
971694.txt,TUR
971700.txt,SPA
972543.txt,ARA
972636.txt,ITA
972969.txt,ITA
973995.txt,TEL
974681.txt,ITA
974774.txt,ARA
974841.txt,TUR
974889.txt,TEL
974916.txt,DEU
976086.txt,ITA
976146.txt,JPN
976217.txt,ITA
976282.txt,HIN
976897.txt,KOR
979286.txt,FRA
979624.txt,HIN
980000.txt,TEL
980099.txt,ZHO
980266.txt,SPA
980298.txt,JPN
980862.txt,KOR
981289.txt,SPA
981458.txt,TEL
981701.txt,TEL
981822.txt,FRA
982338.txt,KOR
982634.txt,ZHO
983164.txt,KOR
983371.txt,TEL
983450.txt,KOR
983715.txt,FRA
983742.txt,TEL
983987.txt,ZHO
984572.txt,TEL
985274.txt,TEL
985383.txt,ARA
985568.txt,HIN
986135.txt,JPN
986733.txt,HIN
986978.txt,TEL
987036.txt,ZHO
987226.txt,DEU
987670.txt,ARA
987713.txt,ZHO
987861.txt,ARA
988514.txt,TEL
988605.txt,TEL
988787.txt,JPN
989302.txt,HIN
989347.txt,ITA
989814.txt,TEL
990490.txt,TUR
990853.txt,TEL
991692.txt,JPN
991726.txt,JPN
992534.txt,TEL
992557.txt,TEL
992620.txt,JPN
993195.txt,TUR
993488.txt,ITA
993649.txt,ARA
994324.txt,FRA
994390.txt,ARA
994753.txt,DEU
994774.txt,FRA
995789.txt,JPN
996041.txt,ARA
996413.txt,ZHO
996842.txt,JPN
997201.txt,ZHO
997307.txt,TUR
997336.txt,ARA
997465.txt,ITA
997923.txt,HIN
998126.txt,FRA
998827.txt,FRA
999488.txt,KOR
999667.txt,FRA
1000235.txt,TEL
1000392.txt,JPN
1000599.txt,ZHO
1001213.txt,SPA
1001502.txt,SPA
1001632.txt,SPA
1002932.txt,ARA
1003222.txt,ZHO
1003496.txt,JPN
1004097.txt,JPN
1005053.txt,TEL
1005075.txt,ARA
1005142.txt,ZHO
1005551.txt,TUR
1005751.txt,ARA
1005775.txt,FRA
1005892.txt,ARA
1006179.txt,ZHO
1006274.txt,TEL
1006535.txt,DEU
1007263.txt,KOR
1008264.txt,SPA
1008407.txt,SPA
1008486.txt,KOR
1008605.txt,KOR
1008636.txt,JPN
1008655.txt,FRA
1008740.txt,HIN
1008880.txt,FRA
1009359.txt,JPN
1009798.txt,JPN
1010711.txt,ITA
1010903.txt,ITA
1010988.txt,ARA
1011364.txt,ZHO
1011426.txt,ZHO
1011616.txt,ARA
1012091.txt,JPN
1012412.txt,HIN
1012631.txt,JPN
1012691.txt,ARA
1013285.txt,HIN
1013583.txt,DEU
1013761.txt,SPA
1014559.txt,JPN
1014724.txt,TEL
1015056.txt,ZHO
1015664.txt,KOR
1016577.txt,JPN
1016594.txt,HIN
1016703.txt,FRA
1017259.txt,JPN
1017450.txt,JPN
1017620.txt,ARA
1018545.txt,ARA
1019772.txt,JPN
1020466.txt,ARA
1020869.txt,HIN
1020881.txt,KOR
1021580.txt,DEU
1021645.txt,HIN
1021765.txt,SPA
1021770.txt,ITA
1023150.txt,FRA
1023222.txt,TUR
1023469.txt,ARA
1025464.txt,DEU
1025752.txt,ITA
1025965.txt,TUR
1025974.txt,JPN
1026221.txt,FRA
1026294.txt,SPA
1027139.txt,TUR
1027445.txt,JPN
1027540.txt,ZHO
1027602.txt,JPN
1027916.txt,HIN
1028980.txt,FRA
1029861.txt,ITA
1029988.txt,TEL
1030267.txt,JPN
1030770.txt,TUR
1030833.txt,JPN
1030846.txt,ARA
1030947.txt,TEL
1031452.txt,SPA
1031594.txt,ARA
1032060.txt,HIN
1032509.txt,HIN
1032851.txt,SPA
1034031.txt,JPN
1034439.txt,ARA
1034522.txt,DEU
1036477.txt,ZHO
1036917.txt,SPA
1037084.txt,DEU
1037117.txt,TUR
1037247.txt,KOR
1037543.txt,DEU
1037575.txt,JPN
1038048.txt,ZHO
1038083.txt,SPA
1038325.txt,ZHO
1038347.txt,ARA
1038393.txt,SPA
1038419.txt,ZHO
1038555.txt,KOR
1038710.txt,DEU
1039088.txt,JPN
1039360.txt,ITA
1039658.txt,ZHO
1039976.txt,ARA
1040744.txt,TEL
1041315.txt,JPN
1042567.txt,TEL
1043863.txt,ITA
1044003.txt,ZHO
1044423.txt,ZHO
1044505.txt,ARA
1045193.txt,JPN
1045224.txt,JPN
1045518.txt,ITA
1045547.txt,TUR
1045779.txt,ZHO
1045802.txt,ITA
1046053.txt,FRA
1046278.txt,ITA
1046358.txt,ITA
1046466.txt,ITA
1047353.txt,TUR
1048529.txt,TUR
1048742.txt,SPA
1048761.txt,TUR
1048805.txt,JPN
1048984.txt,TUR
1049008.txt,ARA
1049261.txt,ZHO
1049472.txt,ZHO
1049846.txt,TEL
1049910.txt,SPA
1050342.txt,HIN
1050908.txt,ITA
1050931.txt,TEL
1050955.txt,JPN
1051270.txt,JPN
1051474.txt,SPA
1051518.txt,KOR
1052029.txt,KOR
1052103.txt,TUR
1052326.txt,TUR
1052378.txt,ITA
1052914.txt,TEL
1052915.txt,KOR
1053154.txt,SPA
1053179.txt,ITA
1053185.txt,ARA
1053312.txt,KOR
1053764.txt,ITA
1054294.txt,KOR
1054317.txt,FRA
1054353.txt,ARA
1055117.txt,ARA
1055139.txt,TUR
1055473.txt,HIN
1055508.txt,DEU
1055524.txt,TEL
1055639.txt,JPN
1055965.txt,KOR
1056099.txt,JPN
1056327.txt,TEL
1056841.txt,ARA
1057078.txt,TEL
1060152.txt,FRA
1060599.txt,JPN
1061087.txt,ITA
1061121.txt,TEL
1062397.txt,TEL
1062824.txt,KOR
1063116.txt,ZHO
1063443.txt,TUR
1063478.txt,TUR
1063731.txt,TEL
1063758.txt,ITA
1063781.txt,TEL
1064058.txt,JPN
1065623.txt,FRA
1066286.txt,TUR
1066388.txt,FRA
1066683.txt,ZHO
1066802.txt,DEU
1066847.txt,ZHO
1066886.txt,TUR
1066984.txt,ITA
1067059.txt,HIN
1068762.txt,KOR
1069135.txt,TUR
1069167.txt,KOR
1069251.txt,HIN
1069685.txt,HIN
1070789.txt,TEL
1071263.txt,JPN
1071641.txt,KOR
1071781.txt,TEL
1071822.txt,SPA
1072072.txt,KOR
1072397.txt,KOR
1072528.txt,TEL
1072988.txt,SPA
1073420.txt,TUR
1074328.txt,TUR
1074331.txt,ARA
1074783.txt,TEL
1075178.txt,KOR
1075656.txt,ARA
1076301.txt,SPA
1076438.txt,SPA
1076490.txt,DEU
1077478.txt,ARA
1077545.txt,JPN
1077814.txt,ITA
1078227.txt,TEL
1078342.txt,KOR
1078378.txt,DEU
1078603.txt,JPN
1079643.txt,JPN
1079954.txt,ARA
1080080.txt,ITA
1080285.txt,DEU
1081224.txt,DEU
1081369.txt,JPN
1081456.txt,DEU
1081623.txt,DEU
1082108.txt,HIN
1082245.txt,ZHO
1082317.txt,HIN
1082986.txt,FRA
1083618.txt,JPN
1084278.txt,TUR
1084452.txt,ITA
1084597.txt,SPA
1085283.txt,FRA
1085714.txt,TUR
1086584.txt,ARA
1087630.txt,ARA
1087713.txt,ARA
1088383.txt,JPN
1088859.txt,DEU
1089155.txt,TUR
1089280.txt,KOR
1089378.txt,ZHO
1089662.txt,DEU
1090336.txt,SPA
1090573.txt,TUR
1090730.txt,ITA
1091430.txt,TUR
1091511.txt,FRA
1093122.txt,JPN
1093568.txt,KOR
1095081.txt,KOR
1096010.txt,HIN
1096593.txt,ZHO
1097091.txt,TUR
1097149.txt,TUR
1097372.txt,JPN
1097741.txt,TEL
1097795.txt,SPA
1098453.txt,JPN
1098724.txt,KOR
1098842.txt,SPA
1098928.txt,KOR
1099393.txt,DEU
1099440.txt,KOR
1099849.txt,TUR
1100068.txt,KOR
1100401.txt,ZHO
1100795.txt,FRA
1101332.txt,TUR
1101357.txt,ITA
1102514.txt,ITA
1102527.txt,KOR
1104904.txt,TEL
1104960.txt,JPN
1104997.txt,KOR
1105252.txt,TEL
1105556.txt,ITA
1105590.txt,JPN
1106796.txt,TEL
1106913.txt,JPN
1107491.txt,ZHO
1107534.txt,DEU
1108278.txt,ZHO
1108765.txt,DEU
1109151.txt,TEL
1109218.txt,TEL
1109556.txt,JPN
1109700.txt,JPN
1109792.txt,KOR
1110085.txt,FRA
1110601.txt,TUR
1111175.txt,DEU
1111984.txt,DEU
1112019.txt,ITA
1112141.txt,TEL
1112155.txt,JPN
1112678.txt,ARA
1112819.txt,ZHO
1113495.txt,KOR
1113888.txt,KOR
1114004.txt,TUR
1114352.txt,KOR
1114943.txt,KOR
1115681.txt,KOR
1115705.txt,TUR
1116089.txt,FRA
1117091.txt,KOR
1117146.txt,TUR
1117687.txt,JPN
1118473.txt,ZHO
1118531.txt,HIN
1118534.txt,FRA
1118696.txt,DEU
1119329.txt,ZHO
1120447.txt,KOR
1121144.txt,JPN
1121563.txt,ARA
1121565.txt,JPN
1121880.txt,TEL
1122079.txt,ITA
1122110.txt,KOR
1122354.txt,JPN
1123014.txt,TEL
1123878.txt,DEU
1123977.txt,FRA
1124162.txt,HIN
1124455.txt,ITA
1124819.txt,ZHO
1125187.txt,TEL
1125564.txt,FRA
1126384.txt,SPA
1126472.txt,TUR
1126758.txt,TUR
1126799.txt,FRA
1127021.txt,ITA
1127631.txt,HIN
1128260.txt,ITA
1128278.txt,ITA
1128319.txt,ITA
1129490.txt,TEL
1129620.txt,ITA
1129637.txt,ZHO
1130720.txt,SPA
1130785.txt,ARA
1131172.txt,ZHO
1131487.txt,FRA
1132119.txt,ARA
1132436.txt,ZHO
1132478.txt,SPA
1134121.txt,FRA
1134507.txt,JPN
1134674.txt,HIN
1134905.txt,FRA
1135467.txt,ZHO
1135937.txt,DEU
1136221.txt,JPN
1136310.txt,ZHO
1136441.txt,JPN
1136743.txt,SPA
1137116.txt,DEU
1137238.txt,ZHO
1137747.txt,JPN
1138393.txt,KOR
1138674.txt,SPA
1139029.txt,TUR
1139143.txt,HIN
1139220.txt,ITA
1139333.txt,ZHO
1139492.txt,JPN
1139576.txt,ZHO
1139765.txt,DEU
1139863.txt,FRA
1140153.txt,SPA
1140292.txt,ARA
1140353.txt,HIN
1140857.txt,SPA
1141119.txt,ITA
1141167.txt,JPN
1142499.txt,ZHO
1142663.txt,JPN
1143555.txt,KOR
1143873.txt,HIN
1144251.txt,JPN
1144396.txt,ARA
1144441.txt,TEL
1144757.txt,KOR
1146006.txt,TEL
1146077.txt,SPA
1146488.txt,JPN
1146658.txt,TUR
1146835.txt,ITA
1147630.txt,ZHO
1147714.txt,TUR
1147723.txt,DEU
1147876.txt,HIN
1148071.txt,TUR
1148466.txt,JPN
1149707.txt,FRA
1150000.txt,TEL
1151942.txt,ZHO
1153118.txt,FRA
1153536.txt,HIN
1153775.txt,JPN
1153837.txt,FRA
1153845.txt,TEL
1154100.txt,ZHO
1155360.txt,HIN
1156245.txt,KOR
1156259.txt,KOR
1156572.txt,DEU
1156629.txt,JPN
1157237.txt,FRA
1157285.txt,ZHO
1158032.txt,KOR
1158606.txt,ARA
1159021.txt,HIN
1159369.txt,TUR
1160058.txt,DEU
1160102.txt,FRA
1160449.txt,KOR
1160866.txt,HIN
1160989.txt,JPN
1161147.txt,HIN
1161185.txt,FRA
1161847.txt,TUR
1162119.txt,DEU
1162369.txt,ITA
1162853.txt,ARA
1163102.txt,TUR
1163208.txt,ARA
1163329.txt,TEL
1164017.txt,DEU
1164168.txt,FRA
1164198.txt,ARA
1164604.txt,TUR
1164775.txt,SPA
1165071.txt,ZHO
1165504.txt,TUR
1165565.txt,ZHO
1166250.txt,ARA
1166978.txt,HIN
1167147.txt,FRA
1167801.txt,TEL
1167954.txt,ARA
1168412.txt,KOR
1168987.txt,ZHO
1169005.txt,KOR
1169375.txt,TUR
1169537.txt,ARA
1169935.txt,TEL
1170071.txt,TEL
1170268.txt,ITA
1170971.txt,SPA
1171147.txt,ITA
1171284.txt,JPN
1171611.txt,ARA
1171904.txt,DEU
1172673.txt,TEL
1172732.txt,TUR
1173480.txt,ITA
1174342.txt,ITA
1175080.txt,TUR
1175579.txt,ARA
1175987.txt,ZHO
1176513.txt,KOR
1176638.txt,ZHO
1176866.txt,TUR
1177316.txt,FRA
1177960.txt,ITA
1178569.txt,TUR
1178681.txt,JPN
1179242.txt,TEL
1179682.txt,ZHO
1180577.txt,ZHO
1180768.txt,TUR
1181048.txt,KOR
1181311.txt,ZHO
1182680.txt,TEL
1182786.txt,DEU
1182891.txt,TEL
1183664.txt,ITA
1183885.txt,FRA
1184298.txt,KOR
1184947.txt,FRA
1185103.txt,ITA
1185535.txt,TEL
1185938.txt,ZHO
1186426.txt,DEU
1186575.txt,KOR
1187155.txt,TUR
1187561.txt,TEL
1187884.txt,SPA
1187893.txt,KOR
1188004.txt,ZHO
1188120.txt,JPN
1188866.txt,TEL
1189553.txt,KOR
1190208.txt,TUR
1190407.txt,ZHO
1190458.txt,TEL
1190908.txt,ZHO
1191115.txt,ARA
1191175.txt,HIN
1192415.txt,ZHO
1192426.txt,JPN
1193412.txt,TEL
1193586.txt,ARA
1194796.txt,KOR
1195644.txt,DEU
1196186.txt,FRA
1197013.txt,ITA
1197988.txt,ARA
1198112.txt,ZHO
1198364.txt,SPA
1198657.txt,TEL
1200117.txt,SPA
1200160.txt,KOR
1200224.txt,KOR
1200422.txt,ARA
1200520.txt,JPN
1200736.txt,FRA
1201972.txt,ITA
1202028.txt,JPN
1202139.txt,ITA
1202210.txt,SPA
1202581.txt,ITA
1202820.txt,KOR
1203295.txt,JPN
1203980.txt,TUR
1204080.txt,JPN
1204971.txt,SPA
1205284.txt,ITA
1205597.txt,TEL
1205694.txt,FRA
1206043.txt,ARA
1206330.txt,JPN
1206790.txt,DEU
1206804.txt,TUR
1207072.txt,ITA
1207432.txt,ITA
1208115.txt,HIN
1208336.txt,SPA
1208392.txt,TEL
1210287.txt,ITA
1210817.txt,TEL
1211212.txt,ARA
1211657.txt,SPA
1212655.txt,DEU
1213412.txt,HIN
1213630.txt,HIN
1213890.txt,DEU
1214305.txt,SPA
1214316.txt,JPN
1214622.txt,ITA
1214625.txt,SPA
1215222.txt,SPA
1215589.txt,TUR
1215923.txt,ARA
1216116.txt,FRA
1216752.txt,ZHO
1216949.txt,KOR
1216961.txt,DEU
1217190.txt,TUR
1218175.txt,SPA
1218291.txt,ARA
1218797.txt,ARA
1218955.txt,HIN
1219033.txt,ZHO
1219094.txt,ARA
1219810.txt,JPN
1220399.txt,TUR
1221265.txt,KOR
1222058.txt,ITA
1222269.txt,FRA
1222679.txt,HIN
1222813.txt,DEU
1223973.txt,HIN
1224447.txt,TEL
1225805.txt,ZHO
1226137.txt,KOR
1226167.txt,JPN
1226253.txt,TEL
1226721.txt,JPN
1226973.txt,KOR
1227606.txt,FRA
1227897.txt,TUR
1228243.txt,ITA
1228252.txt,JPN
1228899.txt,KOR
1228978.txt,ARA
1229300.txt,SPA
1229440.txt,JPN
1229456.txt,TEL
1229718.txt,ITA
1230150.txt,DEU
1230192.txt,DEU
1230337.txt,JPN
1230802.txt,FRA
1231169.txt,ZHO
1231684.txt,ZHO
1231858.txt,SPA
1232166.txt,ITA
1232179.txt,ITA
1232239.txt,SPA
1232625.txt,ZHO
1232686.txt,HIN
1233176.txt,ZHO
1233515.txt,KOR
1233638.txt,ITA
1233798.txt,ZHO
1234305.txt,DEU
1234322.txt,ITA
1234637.txt,ARA
1235039.txt,ZHO
1235363.txt,HIN
1236037.txt,TUR
1236188.txt,ZHO
1236315.txt,KOR
1236377.txt,ARA
1236435.txt,ITA
1236568.txt,DEU
1237271.txt,ARA
1237393.txt,ZHO
1237588.txt,ITA
1237942.txt,SPA
1238700.txt,ARA
1238869.txt,TUR
1239837.txt,ITA
1240370.txt,HIN
1240690.txt,FRA
1241662.txt,ARA
1241893.txt,ZHO
1242689.txt,SPA
1242759.txt,JPN
1242840.txt,JPN
1242954.txt,DEU
1242978.txt,JPN
1243168.txt,FRA
1243285.txt,ARA
1243747.txt,DEU
1243897.txt,FRA
1244220.txt,SPA
1245534.txt,ARA
1245682.txt,ITA
1245830.txt,TUR
1245858.txt,ITA
1246011.txt,TEL
1246098.txt,JPN
1246494.txt,ITA
1246559.txt,TEL
1246574.txt,KOR
1246984.txt,JPN
1247549.txt,TEL
1247584.txt,TEL
1248988.txt,DEU
1249550.txt,ZHO
1249660.txt,SPA
1250198.txt,ARA
1250553.txt,ARA
1250720.txt,FRA
1250723.txt,HIN
1251028.txt,ITA
1251358.txt,DEU
1251412.txt,SPA
1252041.txt,ITA
1252243.txt,ARA
1252690.txt,ZHO
1252905.txt,KOR
1253475.txt,TEL
1254076.txt,SPA
1254161.txt,ITA
1254410.txt,SPA
1254438.txt,ARA
1254592.txt,JPN
1254807.txt,ITA
1254937.txt,TEL
1255150.txt,TEL
1256316.txt,HIN
1256980.txt,FRA
1257286.txt,JPN
1258000.txt,DEU
1258115.txt,TUR
1258563.txt,TUR
1258596.txt,HIN
1258642.txt,TUR
1259161.txt,ARA
1259563.txt,DEU
1259835.txt,ZHO
1260549.txt,ZHO
1261375.txt,TUR
1261841.txt,ARA
1262051.txt,ZHO
1262169.txt,ARA
1262171.txt,JPN
1262293.txt,ARA
1262497.txt,JPN
1262801.txt,JPN
1262860.txt,KOR
1263197.txt,DEU
1263291.txt,ITA
1263328.txt,KOR
1263498.txt,ARA
1264305.txt,JPN
1264933.txt,ARA
1265470.txt,JPN
1265550.txt,DEU
1265932.txt,ZHO
1266551.txt,KOR
1267483.txt,FRA
1267508.txt,ARA
1267936.txt,KOR
1268389.txt,ZHO
1268660.txt,TEL
1269635.txt,KOR
1270349.txt,ARA
1270562.txt,HIN
1270610.txt,TUR
1270960.txt,HIN
1271123.txt,ITA
1271654.txt,ZHO
1271855.txt,TUR
1272054.txt,TEL
1272584.txt,KOR
1272727.txt,ITA
1272734.txt,JPN
1272936.txt,ARA
1272992.txt,SPA
1273042.txt,ARA
1273337.txt,ZHO
1273395.txt,KOR
1273447.txt,KOR
1273655.txt,TUR
1273981.txt,FRA
1273984.txt,TUR
1275111.txt,HIN
1275826.txt,DEU
1276276.txt,ARA
1276561.txt,FRA
1277260.txt,SPA
1277310.txt,ITA
1277669.txt,ZHO
1277729.txt,SPA
1277790.txt,KOR
1278134.txt,HIN
1278296.txt,TUR
1278956.txt,JPN
1279078.txt,KOR
1279134.txt,JPN
1279194.txt,SPA
1279648.txt,SPA
1279742.txt,SPA
1280518.txt,KOR
1280579.txt,ZHO
1281041.txt,ARA
1281296.txt,KOR
1281636.txt,HIN
1282586.txt,ARA
1283449.txt,FRA
1284228.txt,JPN
1285124.txt,TUR
1285404.txt,FRA
1285480.txt,ARA
1285567.txt,HIN
1285608.txt,ZHO
1285680.txt,SPA
1285910.txt,FRA
1286501.txt,KOR
1286791.txt,ZHO
1287028.txt,TUR
1287264.txt,TUR
1287278.txt,TEL
1287393.txt,KOR
1287450.txt,JPN
1288629.txt,TEL
1289933.txt,TUR
1289941.txt,KOR
1290036.txt,FRA
1291062.txt,DEU
1291347.txt,TUR
1291677.txt,TEL
1291998.txt,ZHO
1292218.txt,FRA
1293110.txt,JPN
1293221.txt,TEL
1293405.txt,FRA
1293498.txt,JPN
1294277.txt,TUR
1295067.txt,ZHO
1295478.txt,KOR
1295492.txt,TUR
1295817.txt,ARA
1296422.txt,TUR
1296943.txt,JPN
1297633.txt,ARA
1298011.txt,JPN
1298381.txt,KOR
1299460.txt,ZHO
1299852.txt,TUR
1299928.txt,SPA
1300290.txt,ITA
1300516.txt,HIN
1300821.txt,JPN
1301403.txt,DEU
1301504.txt,FRA
1301682.txt,TUR
1301928.txt,FRA
1302106.txt,ZHO
1302839.txt,ZHO
1303055.txt,TUR
1303139.txt,FRA
1303755.txt,ZHO
1304508.txt,TEL
1305248.txt,FRA
1305417.txt,KOR
1305906.txt,JPN
1306328.txt,HIN
1306890.txt,JPN
1310442.txt,FRA
1310455.txt,HIN
1310566.txt,TUR
1310773.txt,KOR
1311071.txt,DEU
1311391.txt,ITA
1311869.txt,TEL
1311871.txt,HIN
1312131.txt,TUR
1312559.txt,JPN
1313138.txt,KOR
1313262.txt,ZHO
1313483.txt,ITA
1313540.txt,ITA
1314208.txt,JPN
1314823.txt,DEU
1315244.txt,TUR
1315943.txt,TEL
1315961.txt,SPA
1316002.txt,TUR
1316459.txt,JPN
1316703.txt,FRA
1316786.txt,TUR
1316840.txt,JPN
1317562.txt,JPN
1318064.txt,ZHO
1318387.txt,JPN
1318555.txt,TEL
1319241.txt,KOR
1319386.txt,JPN
1319703.txt,TEL
1320757.txt,SPA
1321313.txt,ITA
1322168.txt,ZHO
1322629.txt,TEL
1323204.txt,TEL
1323900.txt,ZHO
1324036.txt,TUR
1324450.txt,FRA
1324520.txt,FRA
1324776.txt,SPA
1325192.txt,JPN
1325800.txt,ITA
1326419.txt,FRA
1326891.txt,ARA
1327110.txt,ARA
1327245.txt,ZHO
1328621.txt,SPA
1328828.txt,ZHO
1328929.txt,ARA
1328937.txt,ITA
1329241.txt,HIN
1329399.txt,ZHO
1329475.txt,TEL
1330245.txt,ARA
1330811.txt,HIN
1331761.txt,HIN
1332208.txt,FRA
1332536.txt,KOR
1332565.txt,ITA
1332708.txt,ZHO
1332898.txt,ZHO
1332963.txt,JPN
1333442.txt,ZHO
1333703.txt,FRA
1334267.txt,HIN
1334338.txt,JPN
1335332.txt,TEL
1335394.txt,JPN
1336039.txt,FRA
1336198.txt,TEL
1336284.txt,DEU
1336748.txt,JPN
1337132.txt,KOR
1337175.txt,ITA
1337907.txt,KOR
1338251.txt,SPA
1340199.txt,ITA
1340428.txt,JPN
1340599.txt,SPA
1340850.txt,JPN
1341376.txt,DEU
1341712.txt,ARA
1341859.txt,ZHO
1343937.txt,JPN
1344215.txt,FRA
1344694.txt,TEL
1344754.txt,TUR
1344823.txt,ITA
1345172.txt,ARA
1346751.txt,TUR
1347061.txt,ITA
1347307.txt,ITA
1347639.txt,ZHO
1348116.txt,DEU
1348298.txt,SPA
1348345.txt,SPA
1349506.txt,ITA
1349535.txt,DEU
1349977.txt,DEU
1350145.txt,SPA
1351971.txt,DEU
1352148.txt,ITA
1352771.txt,ZHO
1352792.txt,SPA
1353003.txt,JPN
1353013.txt,DEU
1353162.txt,TEL
1353168.txt,SPA
1353593.txt,ARA
1354120.txt,ARA
1354231.txt,ZHO
1354307.txt,TEL
1354516.txt,ARA
1354685.txt,JPN
1355622.txt,KOR
1356203.txt,TUR
1356359.txt,ARA
1356694.txt,SPA
1357253.txt,FRA
1357297.txt,KOR
1357482.txt,JPN
1357724.txt,SPA
1358050.txt,ZHO
1358250.txt,DEU
1358409.txt,HIN
1358678.txt,ARA
1358742.txt,TUR
1358792.txt,ITA
1358886.txt,ZHO
1358958.txt,FRA
1359019.txt,ITA
1359035.txt,TEL
1359280.txt,ZHO
1359304.txt,ARA
1361043.txt,SPA
1361494.txt,ITA
1361722.txt,KOR
1361756.txt,ZHO
1362041.txt,ITA
1362211.txt,ZHO
1362554.txt,TEL
1363228.txt,ZHO
1363428.txt,KOR
1363582.txt,ARA
1364947.txt,ARA
1365117.txt,KOR
1365672.txt,HIN
1365776.txt,KOR
1365916.txt,ITA
1366821.txt,KOR
1367007.txt,KOR
1367449.txt,ARA
1367455.txt,ITA
1367521.txt,SPA
1367640.txt,KOR
1368174.txt,SPA
1368186.txt,DEU
1368604.txt,JPN
1368697.txt,JPN
1369220.txt,ARA
1370087.txt,KOR
1370215.txt,ARA
1370560.txt,ARA
1371485.txt,KOR
1371533.txt,FRA
1372010.txt,FRA
1372778.txt,TEL
1373242.txt,TUR
1373605.txt,JPN
1373634.txt,TEL
1374444.txt,SPA
1374599.txt,DEU
1374745.txt,TUR
1374769.txt,KOR
1375526.txt,SPA
1375958.txt,TEL
1377107.txt,DEU
1378204.txt,ITA
1378284.txt,ZHO
1378461.txt,FRA
1378691.txt,SPA
1378870.txt,TUR
1379069.txt,ARA
1379169.txt,DEU
1379580.txt,HIN
1379675.txt,ZHO
1380444.txt,SPA
1380983.txt,FRA
1381761.txt,KOR
1381860.txt,KOR
1381867.txt,TUR
1383592.txt,TEL
1384499.txt,TEL
1384610.txt,ARA
1386341.txt,ZHO
1386885.txt,ZHO
1386981.txt,JPN
1387124.txt,ITA
1387160.txt,ZHO
1387433.txt,ITA
1387637.txt,TEL
1388145.txt,HIN
1388232.txt,ZHO
1388546.txt,TUR
1389039.txt,DEU
1389273.txt,JPN
1389502.txt,JPN
1389928.txt,SPA
1390206.txt,TEL
1390370.txt,HIN
1390371.txt,HIN
1390765.txt,KOR
1391527.txt,FRA
1391797.txt,HIN
1392533.txt,ITA
1393276.txt,TUR
1393525.txt,HIN
1393619.txt,ARA
1394245.txt,DEU
1394447.txt,ARA
1394788.txt,KOR
1395206.txt,ARA
1395235.txt,ITA
1395384.txt,TUR
1395734.txt,TUR
1395856.txt,DEU
1396208.txt,ARA
1396592.txt,DEU
1396946.txt,HIN
1397179.txt,TUR
1397185.txt,KOR
1397505.txt,DEU
1397725.txt,ARA
1398306.txt,HIN
1399985.txt,TUR
1400152.txt,ARA
1400867.txt,SPA
1401469.txt,HIN
1401829.txt,ARA
1402357.txt,ZHO
1402708.txt,ITA
1403787.txt,ZHO
1404380.txt,ZHO
1404709.txt,JPN
1404823.txt,DEU
1405607.txt,ZHO
1405612.txt,TEL
1406688.txt,FRA
1406898.txt,TUR
1406982.txt,FRA
1407471.txt,DEU
1408430.txt,KOR
1408761.txt,FRA
1408795.txt,ITA
1408806.txt,ITA
1409810.txt,SPA
1410178.txt,KOR
1410631.txt,ZHO
1410658.txt,ZHO
1410813.txt,SPA
1411176.txt,SPA
1411232.txt,TUR
1411758.txt,TEL
1412408.txt,ARA
1412511.txt,ZHO
1412528.txt,KOR
1414706.txt,HIN
1416443.txt,FRA
1416877.txt,TUR
1417584.txt,HIN
1417646.txt,TUR
1417976.txt,HIN
1418209.txt,ITA
1418887.txt,ARA
1418894.txt,ZHO
1419113.txt,FRA
1419617.txt,HIN
1419929.txt,SPA
1420461.txt,JPN
1420564.txt,FRA
1421108.txt,ARA
1421729.txt,SPA
1421769.txt,HIN
1421939.txt,KOR
1424521.txt,TUR
1424545.txt,HIN
1424711.txt,FRA
1424828.txt,JPN
1425210.txt,JPN
1425276.txt,HIN
1425368.txt,ZHO
1425515.txt,TUR
1425688.txt,DEU
1426459.txt,TUR
1426932.txt,DEU
1427623.txt,FRA
1427763.txt,ITA
1427804.txt,SPA
1427921.txt,ARA
1428728.txt,TUR
1429329.txt,TUR
1430295.txt,KOR
1430415.txt,KOR
1430584.txt,TUR
1430756.txt,JPN
1430828.txt,JPN
1431701.txt,ITA
1432328.txt,SPA
1432681.txt,FRA
1432721.txt,ITA
1432999.txt,ARA
1433088.txt,FRA
1433645.txt,ARA
1434119.txt,KOR
1435383.txt,ARA
1435543.txt,ITA
1436325.txt,ITA
1436872.txt,SPA
1436897.txt,ARA
1437467.txt,HIN
1438884.txt,TEL
1439143.txt,TEL
1439177.txt,TEL
1439650.txt,TEL
1439819.txt,HIN
1439837.txt,HIN
1439912.txt,KOR
1440100.txt,JPN
1440922.txt,TUR
1441095.txt,DEU
1441238.txt,FRA
1441585.txt,FRA
1441940.txt,KOR
1442408.txt,TEL
1442531.txt,KOR
1442647.txt,TEL
1442833.txt,TUR
1443325.txt,DEU
1443687.txt,TEL
1444431.txt,KOR
1445231.txt,ZHO
1445417.txt,TUR
1445771.txt,ARA
1445812.txt,JPN
1446521.txt,FRA
1446549.txt,ITA
1446679.txt,FRA
1447047.txt,ITA
1447767.txt,TEL
1447945.txt,DEU
1448728.txt,JPN
1449275.txt,KOR
1449554.txt,ITA
1450186.txt,JPN
1450658.txt,DEU
1450908.txt,KOR
1451463.txt,HIN
1451526.txt,TEL
1451531.txt,TEL
1452225.txt,ITA
1452259.txt,HIN
1452380.txt,HIN
1452529.txt,ITA
1452800.txt,HIN
1453127.txt,SPA
1453503.txt,FRA
1454250.txt,TUR
1454648.txt,KOR
1454915.txt,TUR
1455614.txt,ITA
1455975.txt,KOR
1456019.txt,ITA
1456333.txt,KOR
1456829.txt,TEL
1456863.txt,TUR
1456964.txt,TEL
1457413.txt,FRA
1457945.txt,ITA
1457959.txt,TEL
1457996.txt,TUR
1458451.txt,TEL
1460442.txt,TEL
1460455.txt,ITA
1460866.txt,DEU
1460903.txt,ZHO
1460978.txt,TEL
1461640.txt,ARA
1461704.txt,ZHO
1463646.txt,ITA
1464369.txt,ARA
1465332.txt,DEU
1465398.txt,KOR
1466384.txt,KOR
1466456.txt,HIN
1466562.txt,DEU
1466593.txt,JPN
1466631.txt,SPA
1466685.txt,FRA
1467063.txt,TEL
1467244.txt,DEU
1467667.txt,ITA
1468386.txt,ARA
1468389.txt,KOR
1468561.txt,ARA
1469368.txt,FRA
1469818.txt,FRA
1470044.txt,SPA
1470658.txt,FRA
1472359.txt,KOR
1473209.txt,JPN
1474103.txt,ARA
1474549.txt,SPA
1474729.txt,DEU
1474822.txt,TUR
1474964.txt,ZHO
1475558.txt,TUR
1475603.txt,ARA
1476017.txt,SPA
1476813.txt,JPN
1477226.txt,ZHO
1477499.txt,SPA
1478357.txt,DEU
1478692.txt,DEU
1478718.txt,ARA
1478736.txt,TUR
1479075.txt,TEL
1479372.txt,KOR
1480023.txt,ITA
1480574.txt,ZHO
1480791.txt,ZHO
1481166.txt,ITA
1481340.txt,JPN
1481375.txt,FRA
1481490.txt,ZHO
1481742.txt,DEU
1482461.txt,FRA
1483366.txt,FRA
1483466.txt,KOR
1483745.txt,FRA
1484083.txt,SPA
1484958.txt,ZHO
1485362.txt,JPN
1486979.txt,ZHO
1487455.txt,TUR
1487708.txt,ITA
1487842.txt,ARA
1487962.txt,ZHO
1488169.txt,JPN
1488220.txt,SPA
1488357.txt,ZHO
1488760.txt,ARA
1489224.txt,ITA
1489276.txt,JPN
1489661.txt,ZHO
1489857.txt,HIN
1490058.txt,ITA
1490204.txt,TEL
1490702.txt,ARA
1490830.txt,HIN
1490907.txt,ZHO
1491387.txt,FRA
1491818.txt,KOR
1492491.txt,KOR
1492864.txt,KOR
1493025.txt,JPN
1493498.txt,ITA
1494038.txt,HIN
1494213.txt,ZHO
1494618.txt,TUR
1494797.txt,ITA
1495327.txt,HIN
1495373.txt,FRA
1495423.txt,DEU
1496022.txt,SPA
1496739.txt,SPA
1497160.txt,TEL
1497431.txt,SPA
1497576.txt,KOR
1497806.txt,HIN
1497860.txt,SPA
1499610.txt,TEL
1499867.txt,HIN
1500000.txt,FRA
1500457.txt,TEL
1500557.txt,ARA
1500808.txt,ZHO
1501503.txt,SPA
1502005.txt,ARA
1502174.txt,SPA
1503331.txt,TEL
1503781.txt,ITA
1504515.txt,ZHO
1505541.txt,TEL
1505558.txt,ZHO
1505561.txt,ITA
1505590.txt,HIN
1505609.txt,SPA
1506204.txt,JPN
1508013.txt,TEL
1508722.txt,DEU
1509148.txt,HIN
1509352.txt,ZHO
1510196.txt,KOR
1510316.txt,JPN
1511180.txt,TEL
1511380.txt,KOR
1511467.txt,KOR
1512690.txt,ARA
1513175.txt,ZHO
1513436.txt,JPN
1513527.txt,ZHO
1514051.txt,TEL
1514291.txt,TEL
1515605.txt,JPN
1516002.txt,FRA
1517387.txt,ZHO
1517558.txt,ARA
1517957.txt,SPA
1518811.txt,FRA
1519276.txt,ARA
1519396.txt,TEL
1519748.txt,ARA
1520620.txt,ZHO
1520668.txt,ZHO
1520690.txt,FRA
1520774.txt,FRA
1520818.txt,ITA
1522412.txt,SPA
1523571.txt,KOR
1523914.txt,KOR
1524163.txt,ARA
1525635.txt,TUR
1525646.txt,HIN
1525786.txt,KOR
1526165.txt,SPA
1526310.txt,KOR
1527333.txt,JPN
1527646.txt,ZHO
1528060.txt,ARA
1528692.txt,HIN
1528847.txt,ITA
1528856.txt,JPN
1529155.txt,ZHO
1530276.txt,FRA
1530737.txt,KOR
1531692.txt,SPA
1531745.txt,TEL
1532027.txt,ITA
1532397.txt,FRA
1532475.txt,ITA
1532807.txt,ZHO
1533034.txt,ITA
1534099.txt,ZHO
1535038.txt,ZHO
1535165.txt,KOR
1535235.txt,HIN
1535458.txt,ARA
1535549.txt,SPA
1535557.txt,SPA
1536022.txt,KOR
1536321.txt,DEU
1537088.txt,FRA
1537208.txt,HIN
1537541.txt,FRA
1537568.txt,KOR
1538669.txt,HIN
1539078.txt,HIN
1541306.txt,ZHO
1542222.txt,ARA
1542336.txt,SPA
1542725.txt,ZHO
1542992.txt,ITA
1543322.txt,HIN
1543340.txt,TEL
1543629.txt,JPN
1543632.txt,ITA
1544366.txt,TEL
1545722.txt,ITA
1546461.txt,HIN
1546632.txt,FRA
1547113.txt,FRA
1547124.txt,SPA
1547352.txt,ZHO
1547449.txt,KOR
1547480.txt,ITA
1547527.txt,TEL
1547597.txt,KOR
1548599.txt,ARA
1549033.txt,TEL
1549044.txt,HIN
1549811.txt,SPA
1550021.txt,JPN
1550073.txt,ITA
1550812.txt,ZHO
1550895.txt,TUR
1551544.txt,ARA
1551953.txt,HIN
1552628.txt,JPN
1552637.txt,JPN
1552789.txt,FRA
1553094.txt,SPA
1553644.txt,ITA
1553819.txt,ITA
1554069.txt,TEL
1554713.txt,TUR
1555046.txt,SPA
1555478.txt,TUR
1555498.txt,JPN
1556278.txt,KOR
1556463.txt,HIN
1556590.txt,ARA
1557214.txt,JPN
1558185.txt,TEL
1558234.txt,TEL
1558329.txt,TUR
1558621.txt,KOR
1559793.txt,ITA
1560123.txt,FRA
1560468.txt,DEU
1560872.txt,JPN
1561554.txt,TUR
1561685.txt,JPN
1561744.txt,ITA
1562385.txt,TEL
1562965.txt,ZHO
1563346.txt,TEL
1563357.txt,SPA
1563774.txt,ARA
1563843.txt,ZHO
1564533.txt,ARA
1565064.txt,ZHO
1565246.txt,TEL
1565381.txt,HIN
1565792.txt,JPN
1566515.txt,ARA
1566748.txt,TEL
1567370.txt,SPA
1567568.txt,ARA
1567661.txt,ZHO
1567885.txt,SPA
1567985.txt,JPN
1568335.txt,ITA
1568371.txt,ZHO
1568464.txt,TUR
1568828.txt,TUR
1569246.txt,ZHO
1569326.txt,TEL
1569573.txt,KOR
1570395.txt,TUR
1570522.txt,DEU
1571029.txt,JPN
1571554.txt,ITA
1571770.txt,ARA
1571952.txt,KOR
1572125.txt,TUR
1572825.txt,DEU
1573044.txt,FRA
1573348.txt,FRA
1573625.txt,ITA
1574183.txt,HIN
1574734.txt,DEU
1574819.txt,KOR
1574990.txt,ARA
1575144.txt,ARA
1576463.txt,TEL
1576568.txt,ARA
1577689.txt,HIN
1577737.txt,FRA
1578266.txt,ZHO
1579161.txt,KOR
1579182.txt,ZHO
1579489.txt,TUR
1579598.txt,HIN
1579711.txt,HIN
1579748.txt,FRA
1579808.txt,ZHO
1579919.txt,KOR
1580244.txt,TUR
1580496.txt,ZHO
1580874.txt,SPA
1581197.txt,ZHO
1581500.txt,KOR
1581784.txt,DEU
1581797.txt,ZHO
1582444.txt,DEU
1582901.txt,TUR
1584290.txt,KOR
1584548.txt,FRA
1584909.txt,HIN
1585403.txt,KOR
1585499.txt,ITA
1586036.txt,HIN
1586422.txt,DEU
1586500.txt,JPN
1586579.txt,SPA
1587021.txt,KOR
1587464.txt,ARA
1587529.txt,HIN
1587591.txt,ZHO
1587967.txt,ZHO
1588800.txt,TUR
1589013.txt,ZHO
1589048.txt,ZHO
1589226.txt,ZHO
1589353.txt,ZHO
1589529.txt,TEL
1589957.txt,JPN
1590009.txt,ZHO
1590509.txt,FRA
1590644.txt,KOR
1591119.txt,ITA
1591525.txt,ZHO
1591899.txt,TUR
1592602.txt,FRA
1592751.txt,KOR
1594051.txt,TEL
1594875.txt,JPN
1596015.txt,FRA
1596333.txt,HIN
1596815.txt,KOR
1596937.txt,TUR
1597138.txt,DEU
1597794.txt,KOR
1597869.txt,FRA
1598195.txt,HIN
1598284.txt,DEU
1598715.txt,ITA
1599051.txt,ARA
1599186.txt,TEL
1599282.txt,HIN
1599863.txt,JPN
1600280.txt,TEL
1600589.txt,FRA
1600749.txt,TEL
1601003.txt,ITA
1601251.txt,FRA
1601361.txt,DEU
1601473.txt,HIN
1601770.txt,HIN
1602223.txt,JPN
1603029.txt,KOR
1603098.txt,TEL
1603237.txt,FRA
1603472.txt,ARA
1603984.txt,SPA
1604474.txt,TEL
1604615.txt,JPN
1605502.txt,ARA
1605603.txt,ARA
1605723.txt,ITA
1605992.txt,TEL
1607000.txt,HIN
1607064.txt,JPN
1607315.txt,ITA
1607351.txt,ZHO
1607468.txt,TUR
1608155.txt,JPN
1608609.txt,HIN
1608927.txt,TUR
1609400.txt,ARA
1609648.txt,ITA
1610071.txt,ZHO
1610283.txt,TEL
1610539.txt,ARA
1611251.txt,DEU
1611397.txt,KOR
1611749.txt,ARA
1612027.txt,ZHO
1612549.txt,KOR
1613800.txt,ITA
1614225.txt,KOR
1614901.txt,DEU
1614935.txt,TEL
1615168.txt,ARA
1615799.txt,DEU
1615987.txt,KOR
1616465.txt,HIN
1616597.txt,ITA
1617509.txt,TEL
1618134.txt,HIN
1618407.txt,DEU
1619515.txt,KOR
1619632.txt,ITA
1620205.txt,ARA
1620341.txt,TEL
1621287.txt,JPN
1621334.txt,SPA
1621418.txt,TUR
1621566.txt,KOR
1621951.txt,ARA
1622079.txt,HIN
1622361.txt,FRA
1622365.txt,KOR
1622681.txt,DEU
1624176.txt,TEL
1624220.txt,ARA
1624437.txt,DEU
1624635.txt,KOR
1625528.txt,ITA
1625843.txt,TEL
1625914.txt,SPA
1627071.txt,ITA
1627883.txt,TEL
1627943.txt,JPN
1628156.txt,SPA
1628552.txt,TEL
1628652.txt,ARA
1628690.txt,JPN
1629616.txt,TUR
1630691.txt,JPN
1630753.txt,ZHO
1630840.txt,KOR
1630975.txt,ARA
1630998.txt,KOR
1631091.txt,TUR
1631980.txt,TUR
1632015.txt,TEL
1632122.txt,KOR
1632824.txt,ITA
1633289.txt,DEU
1633761.txt,FRA
1634341.txt,ZHO
1634726.txt,ARA
1634736.txt,KOR
1634881.txt,TUR
1634890.txt,HIN
1635174.txt,FRA
1635450.txt,ARA
1636764.txt,TUR
1637322.txt,TEL
1637691.txt,TUR
1637981.txt,TUR
1638304.txt,FRA
1639394.txt,TUR
1639412.txt,TUR
1639926.txt,JPN
1640227.txt,SPA
1640493.txt,ARA
1640519.txt,ITA
1640565.txt,DEU
1640712.txt,FRA
1640892.txt,FRA
1640909.txt,ZHO
1641476.txt,KOR
1641717.txt,ZHO
1642310.txt,TUR
1642431.txt,TUR
1642624.txt,ITA
1642707.txt,TUR
1643648.txt,TUR
1644862.txt,ZHO
1645443.txt,TEL
1646083.txt,FRA
1646354.txt,DEU
1646509.txt,SPA
1646766.txt,ZHO
1646933.txt,FRA
1647079.txt,SPA
1647152.txt,SPA
1648227.txt,ITA
1648252.txt,ARA
1648568.txt,JPN
1649025.txt,ITA
1650425.txt,JPN
1650622.txt,FRA
1650665.txt,ITA
1651024.txt,HIN
1651191.txt,TUR
1651788.txt,HIN
1651985.txt,JPN
1652091.txt,ITA
1652227.txt,FRA
1652868.txt,ZHO
1653880.txt,ARA
1653892.txt,HIN
1654196.txt,DEU
1654305.txt,TEL
1654814.txt,ARA
1654824.txt,TEL
1654971.txt,TEL
1655746.txt,SPA
1656271.txt,TUR
1656634.txt,ZHO
1656816.txt,DEU
1656991.txt,DEU
1657058.txt,ZHO
1657075.txt,SPA
1657333.txt,ITA
1657432.txt,ITA
1657795.txt,ZHO
1658009.txt,ZHO
1658154.txt,TUR
1658162.txt,SPA
1658329.txt,ARA
1658336.txt,TUR
1659096.txt,ITA
1659151.txt,FRA
1659389.txt,JPN
1659607.txt,ITA
1660199.txt,TEL
1660478.txt,HIN
1660486.txt,KOR
1661173.txt,TEL
1661306.txt,TUR
1663050.txt,KOR
1664070.txt,DEU
1664306.txt,DEU
1664318.txt,SPA
1664388.txt,ZHO
1664661.txt,TUR
1665678.txt,HIN
1665765.txt,TUR
1665975.txt,TEL
1666072.txt,TEL
1666408.txt,FRA
1666623.txt,KOR
1666656.txt,JPN
1667530.txt,TUR
1667594.txt,HIN
1667602.txt,TEL
1668008.txt,ITA
1668009.txt,TUR
1668419.txt,KOR
1668662.txt,ITA
1669224.txt,TUR
1669335.txt,KOR
1669444.txt,TEL
1669791.txt,KOR
1670182.txt,TEL
1670472.txt,HIN
1670687.txt,HIN
1671037.txt,ZHO
1671251.txt,JPN
1671522.txt,ITA
1671616.txt,TUR
1671716.txt,ARA
1671801.txt,DEU
1672465.txt,ITA
1672821.txt,ZHO
1672836.txt,HIN
1674074.txt,SPA
1675566.txt,DEU
1676028.txt,TEL
1676376.txt,JPN
1676415.txt,DEU
1677267.txt,ARA
1677376.txt,TUR
1677899.txt,TEL
1677921.txt,TUR
1678849.txt,FRA
1680732.txt,ZHO
1680888.txt,DEU
1681389.txt,FRA
1682446.txt,ZHO
1682448.txt,ZHO
1682806.txt,DEU
1683515.txt,FRA
1684107.txt,ITA
1684701.txt,FRA
1685015.txt,TEL
1685140.txt,DEU
1685228.txt,ZHO
1685332.txt,DEU
1685398.txt,JPN
1685471.txt,DEU
1685589.txt,HIN
1685874.txt,DEU
1686490.txt,ZHO
1686780.txt,KOR
1686969.txt,ARA
1687047.txt,ITA
1687105.txt,DEU
1687239.txt,TEL
1688249.txt,TUR
1689008.txt,SPA
1689041.txt,ZHO
1689314.txt,HIN
1689431.txt,SPA
1690506.txt,JPN
1691621.txt,TUR
1691767.txt,KOR
1692161.txt,JPN
1692331.txt,JPN
1692529.txt,ITA
1693026.txt,ITA
1693638.txt,ARA
1694116.txt,ARA
1694309.txt,JPN
1694515.txt,TUR
1694540.txt,SPA
1694694.txt,FRA
1695530.txt,SPA
1696576.txt,ZHO
1697010.txt,JPN
1697152.txt,TEL
1697477.txt,KOR
1697975.txt,KOR
1698141.txt,TUR
1698238.txt,ARA
1698475.txt,SPA
1698689.txt,DEU
1698804.txt,FRA
1699435.txt,JPN
1699946.txt,ITA
1700283.txt,DEU
1700775.txt,FRA
1701561.txt,ZHO
1701617.txt,ARA
1702221.txt,TEL
1702970.txt,KOR
1703643.txt,HIN
1703881.txt,HIN
1704170.txt,JPN
1704256.txt,FRA
1704599.txt,ARA
1705305.txt,ZHO
1705366.txt,FRA
1705385.txt,TEL
1706013.txt,TEL
1706014.txt,KOR
1706190.txt,TUR
1707170.txt,HIN
1707241.txt,ITA
1707244.txt,JPN
1707617.txt,TEL
1707879.txt,FRA
1708225.txt,SPA
1708317.txt,ZHO
1708321.txt,KOR
1709398.txt,JPN
1709762.txt,ITA
1709829.txt,TEL
1710274.txt,ARA
1710481.txt,SPA
1711471.txt,JPN
1711897.txt,SPA
1712028.txt,ZHO
1712036.txt,ARA
1712367.txt,FRA
1712929.txt,TEL
1713228.txt,KOR
1713325.txt,DEU
1713332.txt,ITA
1713851.txt,FRA
1713954.txt,ARA
1714385.txt,ZHO
1714624.txt,JPN
1715217.txt,FRA
1715633.txt,HIN
1716107.txt,SPA
1716337.txt,ITA
1716376.txt,ARA
1716982.txt,DEU
1716994.txt,DEU
1717252.txt,TUR
1717259.txt,ITA
1717493.txt,ZHO
1717762.txt,TUR
1718628.txt,TEL
1718880.txt,SPA
1719419.txt,ITA
1719460.txt,ZHO
1720043.txt,FRA
1720702.txt,HIN
1721279.txt,SPA
1721349.txt,TEL
1721491.txt,ARA
1721938.txt,FRA
1722823.txt,ZHO
1722916.txt,SPA
1723232.txt,TUR
1723751.txt,ZHO
1723947.txt,SPA
1724026.txt,DEU
1724253.txt,ZHO
1724459.txt,TEL
1724805.txt,ARA
1724974.txt,ARA
1725614.txt,FRA
1725910.txt,TEL
1725957.txt,ITA
1726565.txt,JPN
1726794.txt,FRA
1727075.txt,TEL
1727159.txt,ARA
1727273.txt,ITA
1727472.txt,HIN
1727596.txt,SPA
1728275.txt,HIN
1728377.txt,DEU
1728603.txt,ZHO
1728651.txt,TUR
1729328.txt,TUR
1729734.txt,JPN
1729803.txt,SPA
1729831.txt,TEL
1730131.txt,TUR
1730701.txt,ZHO
1730743.txt,HIN
1731030.txt,HIN
1731444.txt,TUR
1731832.txt,ITA
1733194.txt,JPN
1733443.txt,ZHO
1733528.txt,TUR
1733679.txt,ITA
1733682.txt,TEL
1733852.txt,ARA
1734034.txt,FRA
1734065.txt,ZHO
1734471.txt,TEL
1734910.txt,JPN
1735077.txt,ARA
1735126.txt,TUR
1735266.txt,TUR
1735913.txt,DEU
1736173.txt,KOR
1736457.txt,ARA
1736945.txt,TEL
1737075.txt,JPN
1737189.txt,TEL
1737481.txt,HIN
1737605.txt,KOR
1738687.txt,JPN
1738777.txt,ZHO
1739354.txt,JPN
1739586.txt,JPN
1740919.txt,SPA
1741516.txt,DEU
1741582.txt,TEL
1742748.txt,ARA
1742951.txt,JPN
1743583.txt,JPN
1743593.txt,KOR
1743960.txt,HIN
1744005.txt,ARA
1744381.txt,TEL
1744481.txt,ITA
1745000.txt,ZHO
1745382.txt,DEU
1745915.txt,ZHO
1746142.txt,FRA
1746249.txt,ARA
1746270.txt,KOR
1746653.txt,TUR
1747190.txt,TUR
1747199.txt,TEL
1747254.txt,ITA
1747257.txt,SPA
1747608.txt,JPN
1747668.txt,JPN
1747806.txt,ARA
1747993.txt,TUR
1748079.txt,TEL
1748270.txt,DEU
1749041.txt,FRA
1750239.txt,FRA
1750751.txt,JPN
1751002.txt,ARA
1751167.txt,TEL
1751197.txt,ITA
1751590.txt,JPN
1751652.txt,ARA
1752040.txt,TUR
1752063.txt,SPA
1752230.txt,SPA
1752641.txt,FRA
1752779.txt,TEL
1753318.txt,TEL
1753543.txt,FRA
1753657.txt,TEL
1753837.txt,ARA
1753924.txt,TEL
1754555.txt,ZHO
1754873.txt,TUR
1755137.txt,FRA
1755326.txt,FRA
1755730.txt,FRA
1755827.txt,TEL
1755896.txt,ITA
1756020.txt,HIN
1756791.txt,HIN
1757460.txt,HIN
1757882.txt,SPA
1757904.txt,SPA
1757985.txt,JPN
1758007.txt,JPN
1758405.txt,FRA
1758439.txt,SPA
1758531.txt,TEL
1758568.txt,SPA
1758757.txt,KOR
1758784.txt,DEU
1758854.txt,KOR
1758957.txt,TEL
1759942.txt,HIN
1760954.txt,KOR
1761100.txt,SPA
1761549.txt,TUR
1761802.txt,ARA
1763652.txt,DEU
1764148.txt,ZHO
1764280.txt,SPA
1764554.txt,TUR
1765698.txt,FRA
1766257.txt,TUR
1766471.txt,ARA
1766936.txt,DEU
1767030.txt,ZHO
1767502.txt,FRA
1767558.txt,KOR
1767594.txt,TUR
1768034.txt,TEL
1768372.txt,FRA
1768877.txt,ITA
1769428.txt,ZHO
1769795.txt,KOR
1770864.txt,ZHO
1770915.txt,ZHO
1771300.txt,DEU
1772194.txt,TUR
1772321.txt,ITA
1773101.txt,TUR
1773824.txt,ZHO
1773871.txt,KOR
1774785.txt,KOR
1774988.txt,ARA
1775819.txt,TEL
1776912.txt,FRA
1777613.txt,HIN
1778296.txt,ARA
1778383.txt,SPA
1779713.txt,TUR
1780100.txt,SPA
1780537.txt,ZHO
1780606.txt,SPA
1780783.txt,ZHO
1780915.txt,DEU
1780920.txt,DEU
1781285.txt,ZHO
1781898.txt,TUR
1782022.txt,TUR
1783139.txt,TUR
1783725.txt,ZHO
1784139.txt,TUR
1784373.txt,TUR
1784599.txt,JPN
1785353.txt,TEL
1785403.txt,DEU
1785553.txt,FRA
1785969.txt,ARA
1787084.txt,KOR
1787908.txt,KOR
1788010.txt,JPN
1788319.txt,ITA
1788703.txt,ITA
1789008.txt,TUR
1789659.txt,ZHO
1789981.txt,ZHO
1790794.txt,ZHO
1790870.txt,ZHO
1790933.txt,ITA
1792345.txt,ITA
1793903.txt,JPN
1795364.txt,DEU
1795502.txt,FRA
1797008.txt,DEU
1798024.txt,TUR
1798180.txt,SPA
1798758.txt,KOR
1798806.txt,ARA
1798869.txt,SPA
1799121.txt,ARA
1799186.txt,JPN
1799423.txt,SPA
1799546.txt,FRA
1799981.txt,ZHO
1800258.txt,ITA
1800750.txt,HIN
1801144.txt,KOR
1801218.txt,HIN
1801465.txt,ITA
1802470.txt,ITA
1802563.txt,SPA
1802924.txt,JPN
1803081.txt,FRA
1803336.txt,JPN
1803669.txt,ITA
1803744.txt,TUR
1804467.txt,JPN
1804571.txt,SPA
1804783.txt,ARA
1805847.txt,ZHO
1806306.txt,ZHO
1806922.txt,SPA
1807570.txt,ARA
1807688.txt,ZHO
1808185.txt,ARA
1808260.txt,FRA
1808367.txt,TEL
1808676.txt,ITA
1809002.txt,ITA
1809065.txt,FRA
1809613.txt,KOR
1809683.txt,JPN
1810162.txt,TUR
1810200.txt,TEL
1810508.txt,FRA
1811503.txt,ARA
1811557.txt,FRA
1812101.txt,ARA
1812763.txt,FRA
1813072.txt,FRA
1814561.txt,ITA
1814653.txt,JPN
1815758.txt,ZHO
1816048.txt,JPN
1816262.txt,KOR
1816302.txt,HIN
1816304.txt,KOR
1816394.txt,KOR
1816396.txt,FRA
1818733.txt,TUR
1818765.txt,TUR
1819196.txt,TEL
1819789.txt,SPA
1819843.txt,KOR
1820835.txt,FRA
1820915.txt,KOR
1821109.txt,JPN
1821151.txt,SPA
1821327.txt,KOR
1821687.txt,ZHO
1822281.txt,ITA
1822595.txt,TEL
1823194.txt,DEU
1823349.txt,ARA
1823419.txt,JPN
1823586.txt,ARA
1823752.txt,ZHO
1824048.txt,ZHO
1824076.txt,TUR
1824790.txt,ZHO
1825212.txt,ZHO
1825301.txt,DEU
1825572.txt,TUR
1826665.txt,DEU
1826949.txt,DEU
1827810.txt,JPN
1827833.txt,ARA
1827971.txt,SPA
1828051.txt,TUR
1828238.txt,JPN
1828314.txt,ITA
1828343.txt,TUR
1828930.txt,ARA
1829333.txt,DEU
1829391.txt,DEU
1829459.txt,FRA
1829626.txt,ARA
1829713.txt,ZHO
1830076.txt,DEU
1831328.txt,TEL
1831403.txt,SPA
1831919.txt,TEL
1831966.txt,ITA
1831995.txt,HIN
1832138.txt,ZHO
1832531.txt,HIN
1832754.txt,FRA
1832783.txt,FRA
1833352.txt,FRA
1833719.txt,ITA
1834800.txt,JPN
1834829.txt,TEL
1835226.txt,HIN
1835675.txt,ITA
1836696.txt,ITA
1836889.txt,ZHO
1837745.txt,DEU
1837869.txt,ZHO
1838160.txt,ZHO
1838709.txt,ZHO
1838813.txt,TUR
1838943.txt,JPN
1839454.txt,ZHO
1839488.txt,SPA
1839756.txt,ITA
1840132.txt,SPA
1840823.txt,TEL
1843719.txt,KOR
1843813.txt,ZHO
1843909.txt,ZHO
1844216.txt,TEL
1844667.txt,ITA
1844735.txt,SPA
1845277.txt,DEU
1845317.txt,JPN
1845329.txt,TEL
1845799.txt,TEL
1846107.txt,ITA
1846165.txt,ITA
1846289.txt,ZHO
1846787.txt,ITA
1846871.txt,ITA
1847888.txt,ITA
1848325.txt,FRA
1849377.txt,KOR
1849445.txt,FRA
1850065.txt,TUR
1850177.txt,TEL
1850554.txt,ARA
1850915.txt,ZHO
1851087.txt,HIN
1851358.txt,ZHO
1852130.txt,KOR
1852459.txt,DEU
1852934.txt,KOR
1854040.txt,JPN
1854912.txt,ARA
1855036.txt,SPA
1855040.txt,JPN
1855100.txt,KOR
1856265.txt,KOR
1856704.txt,KOR
1856752.txt,ITA
1856791.txt,FRA
1857329.txt,SPA
1857674.txt,ARA
1857776.txt,KOR
1857796.txt,FRA
1857994.txt,ZHO
1859110.txt,ARA
1859442.txt,ITA
1860204.txt,DEU
1860798.txt,TUR
1861008.txt,DEU
1861376.txt,KOR
1861432.txt,TUR
1862044.txt,ARA
1862213.txt,ZHO
1862597.txt,DEU
1862930.txt,FRA
1863314.txt,HIN
1863661.txt,JPN
1863980.txt,FRA
1864424.txt,ITA
1864490.txt,ARA
1866189.txt,ARA
1867544.txt,TEL
1867710.txt,FRA
1867713.txt,ARA
1867819.txt,ITA
1868384.txt,TUR
1868614.txt,FRA
1869446.txt,HIN
1870544.txt,JPN
1870913.txt,ARA
1871445.txt,DEU
1872486.txt,ZHO
1872730.txt,DEU
1873904.txt,JPN
1874010.txt,ITA
1874812.txt,TUR
1874887.txt,HIN
1875166.txt,SPA
1875365.txt,ARA
1875730.txt,TEL
1875918.txt,JPN
1876624.txt,JPN
1876856.txt,JPN
1877041.txt,JPN
1877217.txt,ITA
1877577.txt,ITA
1877755.txt,ITA
1877806.txt,SPA
1877943.txt,FRA
1878281.txt,TUR
1878331.txt,FRA
1878343.txt,TEL
1878607.txt,TEL
1879085.txt,ZHO
1879287.txt,SPA
1879803.txt,FRA
1879929.txt,KOR
1880033.txt,ARA
1880475.txt,KOR
1880574.txt,ARA
1880917.txt,JPN
1881024.txt,ZHO
1881129.txt,TUR
1881387.txt,ARA
1881808.txt,ZHO
1881835.txt,ZHO
1882595.txt,ITA
1882605.txt,TEL
1883775.txt,DEU
1883776.txt,SPA
1884170.txt,HIN
1884229.txt,ITA
1884363.txt,ARA
1884423.txt,TEL
1884478.txt,TEL
1885032.txt,TUR
1885778.txt,TUR
1886013.txt,DEU
1886262.txt,TEL
1886379.txt,ZHO
1886561.txt,ZHO
1886800.txt,DEU
1886837.txt,ZHO
1887334.txt,TUR
1887445.txt,TEL
1887513.txt,SPA
1887736.txt,SPA
1887879.txt,ZHO
1888048.txt,ZHO
1888446.txt,FRA
1888675.txt,SPA
1889122.txt,TUR
1889278.txt,ARA
1889890.txt,JPN
1890313.txt,FRA
1890624.txt,HIN
1891003.txt,JPN
1891040.txt,ZHO
1891063.txt,DEU
1891105.txt,FRA
1891631.txt,HIN
1891971.txt,TEL
1893055.txt,ITA
1893059.txt,ZHO
1893911.txt,DEU
1894121.txt,FRA
1894168.txt,JPN
1895372.txt,TUR
1895805.txt,FRA
1896297.txt,JPN
1896558.txt,ZHO
1896728.txt,SPA
1897115.txt,ZHO
1898477.txt,KOR
1898506.txt,HIN
1898629.txt,TEL
1898890.txt,TUR
1899095.txt,SPA
1899178.txt,TUR
1899196.txt,TEL
1899820.txt,TUR
1900348.txt,ZHO
1900495.txt,JPN
1900506.txt,TUR
1900837.txt,FRA
1901065.txt,SPA
1901493.txt,ITA
1901524.txt,JPN
1901695.txt,JPN
1902250.txt,ITA
1902507.txt,TUR
1902737.txt,ZHO
1903269.txt,TUR
1903589.txt,SPA
1903817.txt,ZHO
1903821.txt,TEL
1904385.txt,ITA
1904652.txt,KOR
1905218.txt,DEU
1905287.txt,FRA
1906296.txt,ARA
1907200.txt,TUR
1907317.txt,TUR
1907556.txt,KOR
1907905.txt,HIN
1907920.txt,FRA
1908399.txt,TEL
1909084.txt,JPN
1909495.txt,SPA
1911494.txt,FRA
1911738.txt,KOR
1911820.txt,ITA
1911915.txt,JPN
1912367.txt,ITA
1912518.txt,TEL
1912950.txt,JPN
1913808.txt,FRA
1914358.txt,DEU
1914625.txt,JPN
1914756.txt,HIN
1914901.txt,JPN
1916088.txt,SPA
1916426.txt,KOR
1916432.txt,ARA
1916509.txt,JPN
1916675.txt,ARA
1917114.txt,KOR
1917631.txt,ARA
1918130.txt,KOR
1918553.txt,TEL
1918582.txt,KOR
1919271.txt,KOR
1919763.txt,TUR
1920091.txt,HIN
1920674.txt,ZHO
1921018.txt,JPN
1921556.txt,TUR
1922880.txt,TEL
1922932.txt,ZHO
1923097.txt,ITA
1923251.txt,SPA
1923351.txt,TEL
1924028.txt,TUR
1924109.txt,TUR
1924275.txt,DEU
1924679.txt,ARA
1925288.txt,SPA
1925465.txt,TEL
1925636.txt,SPA
1925678.txt,TUR
1926212.txt,ARA
1926264.txt,ZHO
1926390.txt,FRA
1926483.txt,KOR
1926567.txt,TEL
1926862.txt,SPA
1926866.txt,HIN
1927251.txt,SPA
1927391.txt,TEL
1928114.txt,TEL
1928371.txt,HIN
1928452.txt,KOR
1928621.txt,KOR
1929048.txt,JPN
1929273.txt,KOR
1929385.txt,TEL
1929938.txt,TUR
1930033.txt,DEU
1930758.txt,FRA
1931471.txt,KOR
1931946.txt,TUR
1932266.txt,KOR
1932430.txt,FRA
1932598.txt,JPN
1933112.txt,KOR
1933286.txt,TEL
1933471.txt,ZHO
1933524.txt,TUR
1933643.txt,ARA
1933701.txt,HIN
1933790.txt,ZHO
1933857.txt,KOR
1934054.txt,ARA
1934104.txt,ZHO
1934148.txt,JPN
1934368.txt,DEU
1934589.txt,ARA
1934773.txt,TEL
1935347.txt,SPA
1935358.txt,KOR
1935600.txt,JPN
1935920.txt,ZHO
1936333.txt,ARA
1936443.txt,FRA
1936559.txt,TUR
1936648.txt,DEU
1937595.txt,ARA
1937666.txt,JPN
1938167.txt,FRA
1938223.txt,KOR
1938677.txt,TEL
1938785.txt,TEL
1938805.txt,TUR
1939513.txt,JPN
1940156.txt,FRA
1940739.txt,JPN
1940783.txt,DEU
1941245.txt,ZHO
1941255.txt,TUR
1941769.txt,ZHO
1942590.txt,DEU
1942894.txt,TUR
1943309.txt,DEU
1943566.txt,ARA
1943633.txt,ZHO
1943963.txt,FRA
1944797.txt,JPN
1944988.txt,SPA
1945072.txt,TUR
1945419.txt,JPN
1945688.txt,ARA
1945717.txt,ITA
1946030.txt,TUR
1946129.txt,ITA
1946412.txt,ZHO
1947147.txt,SPA
1947244.txt,FRA
1947629.txt,ARA
1947849.txt,JPN
1948238.txt,ZHO
1948305.txt,DEU
1948309.txt,DEU
1948622.txt,SPA
1948656.txt,ZHO
1949044.txt,TUR
1949293.txt,DEU
1949441.txt,HIN
1950099.txt,DEU
1950114.txt,DEU
1950137.txt,ZHO
1950273.txt,JPN
1950679.txt,JPN
1951427.txt,TUR
1951528.txt,ITA
1952060.txt,KOR
1952148.txt,DEU
1952215.txt,DEU
1952451.txt,HIN
1952524.txt,SPA
1952680.txt,ARA
1953587.txt,DEU
1954279.txt,KOR
1954349.txt,JPN
1954483.txt,KOR
1954563.txt,SPA
1954751.txt,ITA
1955440.txt,SPA
1955715.txt,KOR
1956422.txt,ZHO
1956445.txt,ARA
1957010.txt,TEL
1957470.txt,FRA
1957836.txt,FRA
1957923.txt,KOR
1958208.txt,JPN
1958482.txt,TUR
1958732.txt,FRA
1959261.txt,TEL
1959282.txt,ITA
1959379.txt,TEL
1959730.txt,DEU
1960077.txt,DEU
1960235.txt,SPA
1960837.txt,JPN
1961659.txt,KOR
1961666.txt,TUR
1962013.txt,TEL
1962514.txt,TUR
1962854.txt,ZHO
1963282.txt,KOR
1963659.txt,TEL
1964703.txt,ARA
1966030.txt,ZHO
1966058.txt,TUR
1966092.txt,KOR
1966763.txt,TUR
1967432.txt,ITA
1969304.txt,ARA
1969367.txt,ZHO
1969556.txt,FRA
1970058.txt,JPN
1970410.txt,ZHO
1970537.txt,ITA
1970637.txt,HIN
1970940.txt,TUR
1971447.txt,ZHO
1972003.txt,HIN
1972331.txt,ARA
1972468.txt,KOR
1972543.txt,TEL
1972574.txt,FRA
1972638.txt,ITA
1972976.txt,KOR
1973098.txt,TUR
1973206.txt,TEL
1973348.txt,JPN
1973436.txt,ARA
1973630.txt,SPA
1974554.txt,KOR
1975798.txt,ARA
1975922.txt,TUR
1976209.txt,JPN
1976900.txt,HIN
1977550.txt,TUR
1977740.txt,ZHO
1977747.txt,ARA
1978082.txt,TEL
1978606.txt,JPN
1979084.txt,JPN
1979113.txt,KOR
1979614.txt,KOR
1979833.txt,ZHO
1980133.txt,SPA
1980653.txt,ZHO
1980942.txt,SPA
1981167.txt,KOR
1981746.txt,HIN
1982204.txt,HIN
1982206.txt,JPN
1982981.txt,TEL
1984638.txt,TEL
1985441.txt,ITA
1985734.txt,JPN
1986859.txt,HIN
1987760.txt,ITA
1988555.txt,KOR
1988999.txt,SPA
1989038.txt,ITA
1989288.txt,SPA
1989384.txt,ZHO
1989574.txt,TEL
1990028.txt,TEL
1990226.txt,TUR
1990253.txt,ITA
1990536.txt,TUR
1990873.txt,ITA
1990906.txt,ITA
1991130.txt,TEL
1993586.txt,ITA
1993690.txt,ZHO
1993805.txt,FRA
1994254.txt,ARA
1994570.txt,KOR
1994717.txt,FRA
1994830.txt,ARA
1997981.txt,HIN
1998110.txt,ZHO
1998526.txt,KOR
1998774.txt,JPN
1999007.txt,ZHO
1999967.txt,ZHO
